file_name,main_name
0x007c4cf0f656b420cf5eea97d3337b0dcccc351e,AICoin
0x00817122beef212ac22e65fc0fba8bc065fd5f66,UNTToken
0x00876b68fcb959f8c07645631aad4b59f814f2f8,PETCONOMY
0x00a702d881267ee6f8a52ae3311965d9f7e63c78,Eben
0x00b7c7a0035ce65484dc559595076d3ba9233f31,SmartBetaToken
0x00b8b059f132009e5a812f27cc42733d135915df,CYBORG
0x00bdae34d971e4798a1d0f5550b369dd1057b57c,RTTeacherToken
0x00dfeeadc488ee543473c87450073fbff160a630,RentalChain
0x00e04c3fbb3783fd57eae4037ee1ee02c4d84614,Random
0x02cd63898d53cd404d645bf72d3a33f8e9cda3b8,CoinDjc
0x02d2ad2fa4a800590a456b737a40d15d698b5542,SisuFinancial
0x02dfbfc054e01a2d1bb2b63fa0b017daa7589290,DGK
0x02e492fc1ef9466260d91d087057de601b874b7d,Bitcoinpremier
0x02eb70358afc036fb147e64891b7acd0ed7efb72,PantheonEcoSystemRestart
0x02ec0e18fb68b243b00a507f844d073d87a8f426,LinCloub
0x02ec8d0e998d8221f9be528603be3a36a26e8da4,NTCT
0xa22007c1feb808f4b47fb50cec628a81c3b4c536,ExoTokensSwap
0xa23a42b2bb161b0ab7bbcbd72bea54952e5299fc,zeepay
0xa247034fb9b03fcd1994f36c7d2d1e045114272f,Cresio
0xa2562cd0d8620dc2bec07872ecaadd4b6fbdc02f,etherSinkhole
0xa258ca40adbce239e029ced61588337ac6b0a2c7,KAT
0xa27c8bbc460b93b0fa911bfdd8a43efb717aa6ca,LemurToken
0xa287d7134fb40bef071c932286bd2cd01efccf30,Hub
0xa416bbb587db24170c25f2ff034913a591b0c623,statizex
0xa44fb3aa5c8465512b806145a8f9b60e74f3f851,PITSTOP
0xa456e426308210c44daa0cddf29d8f96198f2bdf,AuthorizationDataSource
0xa4668631110c31d30f0c48a63d65f422e25af58c,BTKT
0xa46c992becf17f810a18330d9b81ed982ed2af82,gwallet
0xa46ec37f6144d31d6e54af7e9b79e7b5d992cf5d,TokenPorter
0xa46fd207301eed2d7d2799acd6943bbc8c565864,SenbitTokenOffering
0x3b229ee6ae0a366bf3d975f86f3957b5fee9ca73,WXLMcontract
0x3b2f94c251c2cccb7ad16a68f040a220cc2bdd72,ALU
0x3b3a608c676644959dde08fb252a7d64e71ac843,EasyInvestPRO
0x3b3c6809e03244a5bbc3e76e13fb3923d7da9b62,OctusNetworkGoldenToken
0x3b4b29c4c1872a60d09937686bd2b358db9dee8a,TeacherCoin
0x3b597168043239f669a3c1ca46d724149f65c953,MTCH
0x3b5d30a0783f4d2fe428493adf48a6605087e544,XOXOEXToken
0x3b7394e62f675993a0e3de45acf7d22c3ea54f1e,LIBRA
0x3b83893581417b026ff844168fdf80fa00b58b2c,CHEMCHINA_PFVI_I_883
0x3e93c461beface2a0c2d84b8a799ac9dafe05794,GalaxyNetwork
0x3e99fc28e984d5e9ac1c5299614c9ae358388659,RentChain
0x3e9ba4be6affa324f188b10962317239e32ce7ad,SynthestechToken
0x3ea7fa6e281bce9f1391298fd7ed0cef2a1c5848,WXBToken
0x3ebbe68938d6a9c370b9e2196952132cf80e0eaf,Frethan
0x3ec89cf9fdfe82b8d98021fb02bc2f9c43c1cd05,BetCoin
0x3ecdad0daae3be31c1eeee691b8866644aceca44,RVT
0x3ed1ae178609d5372b0371ed756149b8b563ef09,DCSToken
0x02eebe04031cb7dd33ca76c8947059c8f8549ff1,VOCC_I108_20181211
0x05f4244ce608c1dd54366e8b56fc8db071a12e36,BlackDog
0x08fc24c9128591b74191fcff6833e746ba67d63e,Lottery50chance
0x0b7b9b8f3183191e3437a7f6d451163e437f9640,Energem
0x104312cfa88b77304127f8033e4efa926ac5dacf,tissueBeta
0x13c22dbac007959a2e619f4172c831f13a1ab4c8,adaCoin
0x14a3a06af3bc9e6e27c8bd199962c6b7d084de40,online_wallet
0x17af138022b03939b5f817c3e50918eff3a1450b,MoonProjectToken
0x1a1dd8a416e2da6e3c2f5902ca894f3d6f785ab1,WLMT
0x1fd9b114da4f081361e789a2a708e9abcab7a3c4,ICExchange
0x21efa14401264419b565ad56587ad5c65be4281f,BasicTokenSC
0x22abce360feb6e8aef7660abaa803587c2e1715c,CEMcoin
0x297fbad9810ab3d52abc4f1720bc24cac8b22c56,VAULT
0x105b8166fb57422a3c9b1418e43131b41c37638d,StableCoin
0x105fa5cb179728447b14782cae0d3c3d78affbdd,Erabet
0x12ec859d18f6ed44393672c07f0c47497cf53aca,BMRoll
0x12efb0cc4e3d139a27d35388c640b60cd031a6f7,EtherSmart
0x1314561c116feadb3a2e3e9e5a9fe0b7d8b5d2aa,FLC
0x131c6a5a7e35c1d3376660354af9a6e2dc3c1f57,Texys
0x13281dfbcbb17c6ae2c84796443ee46c51a93e3a,WallieInvest
0x133043ce2cc38cdb32a13a245e82fba9e13b743a,BitonlineStore
0x13313ff629cd9d3b04b1780c121f4ca0ab019f70,asjfhrtrddwTest
0x134121e29dde49bd27c144ed95acf111828f87ef,QShareExchange
0x134baf39802803088dec81bc8de49e970ab6504f,DRCWalletStorage
0x898f586d22dc122188c891e5d98ae1d9a0e6d63b,AOA
0x89f3cda50198aca4adde4d2a1a32c6d378eef380,Breakbits
0x89f8df14d6b94052c4ae00b60aced42639fbdbed,RepoCKS
0x8a04295ed8176279cc372ab8f42b4d59eba99077,BMToken
0x8a0453db31128e8df8223871acb318b0a0706ef6,JujxToken
0x8a069c0a53378bd6228f3c6d5ba89e7deb764f6c,SourceCodeToken
0x8a10f3f1da9ffa78581cd44353a1f35713b7d432,NigerianEkuke
0x8a29f1120d08681f328b46bfdc0844563880b805,ethereumHORSE
0x8a2fc2dc35c80126041a98376895cf28b6676f2e,Energon
0x8a99e2dae13e4df4a6aa2a9db2d6a7901ed0107d,Vibrant_Finance
0x8a9c3c53cc3bedf90fb925e19a1480fa7e5f790f,ETHERLIBERTY
0x8a9e410d5e78ec05f72b2ff73926446fcf4c7919,CYBRPurchaseAddress
0x8aa688ab789d1848d131c65d98ceaa8875d97ef1,MultiVACToken
0xc62430fabb551ac60efef9bbdc8ed9721b1ae674,WSF
0xc624d3eda184ac3ec874dbab2cb84b51c30cf301,JinYongGravestone
0xc62f4acf4c25243ee2f3647c7f381ed4447d12f6,ldoh
0xc69f87033658b49795b9823b12d931275e9a29d2,CustomToken
0xc6a0b5f8fb0244fbbbe7262b8eb6deb15fafecde,EthmoonV3
0xc6a3900c12ee2bf47890834a8e505f5a83588ca9,AlarmClock
0xc6d603a9df53d1542552058c382bf115aace70c7,TRET
0xc6d7012de6b174f8e70c4be79631d6369ee06e0a,Criplos
0xc6e9292aca1d29808817f189101d718f965155d7,Airdropper
0xc6f2478bce46d7182db245c31f310ebc2b90c407,ZRO4
0xc707725c0dc6137946bd593f42fbe18a339a4e9f,AKTToken
0xc89eee8e08f9efda0a86f94a10562b43cacd2bf1,CDRX
0x50625b636dab619bf6af75f693dc486e56c2a694,GHTToken
0x51ca28b1166cce762b509a672deb04c6b6b043e0,LivingToken
0x51cd26353d880bd62aa3f2984859a88042048e68,EcoshareCommunityToken
0x51d02573097a18a1492e35d139a874ce6c8057da,WorldwideGiftCode
0x51d0cfa6fc1be1df18cd4ea38c6e45751908c356,SLoader
0x51da12f69b119f27d7f8a17c9494181ebf8ff284,CelerNetwork
0x51e14cae717d807867abcbbf386654bfcb1feaee,RUSS_PFXXXVIII_III_883
0x51fcc029e8dea8dcbdf84e11b7ff69c5f3561136,NEWDIA
0x526af336d614ade5cc252a407062b8861af998f5,SaiProxyCreateAndExecute
0x526ccc90191a9472299323816bd2c784c0a1bcde,DataOnBlockTokenContract
0x527369a144afad1d9bed370205ee3eda0ebb7411,FTCash
0x5279ef99353dd74fdfda8d70e9a2f6cb8a1ae2fe,CHEMCHINA_PFV_III_883
0x52919f9f8a3c1ae0d065a59c85f5c4271f31282b,FINBToken
0x5293b5457e3c8bda92ff88fd1ee62b9ebbe8e6bf,ETHStatement
0x52956cd6f9d5d8a0ffdce1e9b68ef72cd9d64655,INZURA
0x52bbfc216bdd5b534fd6ecabce2769be2fbcd3f5,BasicTokenSC
0x52bd9790a59eda6b2a4e52097751cb04ddc0cf06,CustomToken
0x52c6fc5cc6e3626a4b53c14a6fd12418bf26b20e,TimeChainToken
0x1fef17e67040d958ebd6b40a04f0cfdd0ee933da,CoinoneExchange
0x1ffb97d4efb67492d71eeb94ab3155b77e05f76e,RUSS_PFVII_III_883
0x20059168221dadd385c757a4b1789c8a8a3d8362,HBT
0x2013c97562d4469a103b045b93b92769d5503400,RUSS_PFXVII_II_883
0x201beeafa40d9097aa67a94f6e8c9a0f405b53da,CollectionToken
0x201fbe9e789d10d893b43ed5aaa5f1b7149f6de8,BEC
0x2024e764af9efd2b54b16897af509ec052d281cb,XERO
0x202c13fa38a0c5b134560623530a07e289f2ddda,Ethc
0x20357f31a39be6602d55b2c458ad6fdc498649b9,TechZU
0x21c8c6696ab043046a7faeaa9de44c5ef5bd91c5,NepExToken
0x21cd4d5ab84e82ce83e0c714606c002786f4acb7,PI_NBI_II_T21
0x21cd666c5f9aaba6a14690a81d6d489c972f0d0c,scaz
0x21d364b66d9065b5207124e2b1e49e4193e0a2ff,UserData_BrickGame
0x21da20701eae5bf89667b36232aaa3ef9208c4fc,Art_MuYiChen_No3
0x21e51c4087aa9f47c19faa41bf81509ace043678,Efirica
0xdeff1d547f5cf673b03edcdfb2a80341a42d7f38,MathTest
0xdf0041891bda1f911c4243f328f7cf61b37f965b,BoostoToken
0xdf02c0d054fb4f01d8f7e2fcf61a4837cb6d868e,BrianexToken
0xdf03332ed6f3e493fb1d7eb70a6cc11fb0251bc5,Alt
0xdf0960778c6e6597f197ed9a25f12f5d971da86c,GooToken
0xe0b9bca98a76656e82482030bd129b6e6371dee4,AFRI
0xe0bea6106f8ab3e5dcbee1e4de7fdfa423c70b23,SAYTOKEN
0xe0d41eb7b810e9bf9f309099b9766421b043d197,MTT
0xe0d775f81f529eaa5bcba4b1723f72ccfbd532c9,BITACTION
0xe0de96841343e8cc640cb0992dc9e32e5b8eaf4c,RUSS_PFX_III_883
0xe0e6cf20d5f9f0279c3a24d5bd27cd28f122b9c7,CrowdminingToken
0xe0e9ede8a01aa6f7f0e23945738a6c6173adc3a0,SardineChainToken
0x497d2e0046fcb476ef461860ed208f4f57faf5fa,Dividends
0x4b7c57405a1d058040d8d01b57baef4a0d69da76,NurToken
0x4b8705b0f740f7b51d746c0f626d06b8cf25814b,X2Profit
0x4b96090b1653ec92fd47337593e8a99b4cf902a1,JKToken
0x4ba2dc9cd755de8ac69aa56e00d3653ed7005687,UNTToken
0x4bc3a10eaf382c7e8b9be5fa2c7cd9a5560524a5,IMCToken
0x4bc6bbf70ccd0961d48544b3d5722bd98723fe96,InnovaMinex
0x4bd6a870c71a36d06d03f0b5fb6cac012ca13397,CubegonNFT
0x4bdb811696ede769848d873bae7ba770fa0993d1,NASA
0x4be28e4b7dd6a8d5a4fa059382175dad781b51e8,TrainingToken
0x4c65398a84088338bdf80169292f2f067428f3af,DSToken
0x4c6b58288f381bdc580f39e76b97625771f93603,Supp
0x4c8c4659f734294d9561c8b0efc210028ed12052,company_acc
0x4c9427e1746816b129f4132f4f871fa38538ae5f,Premiuminvest
0xb0ea3a4eb773e281717e6fbd5d739e4b11478ec3,AEXLToken
0xb0ecc7f33973d8acd6296ab40f37718015b98345,IPROTOKEN
0xb0ee817a9c2af0c3516fa0297f476500a28ea85c,LuckyToken
0xb1026818d0b78429e73dcbb2f1befc198bc228aa,DrawContract
0xb10ea0d397db942a1083a4af9c6074ab63bc8c8b,SmartHash
0xb128945ebc9327ce535d1c15a53120948333de6a,ShatoCoin
0xb166f3f550bf630d200152d009f17cd2ac25d128,EZZToken
0xb16f79bbca351d53fc91a52a70eb9d672aa95286,BLASH
0xb1725436665db2b5d38601f7a636846398b0c8aa,EthereumMinerTokenClassic
0xb1737e9316cb2f5bbb4cf268f86cf6428d26ecf8,WichitaCoin
0xb178995837233484b316b20ab7b16b1a209acbc5,UTPL
0xb17e0515035daa4b31a7128d31a5de931e26d95f,ERC20Token
0xb18f575cdcd380985d42b486f16a3541392e594d,SPACETokenFundraiser
0xb19558c3d9d5fa30b7ba16fb99d50a25e2faf126,TrueUSD
0x6639137cc2efe638f1d1a001e2f22cbfe6ab5557,StinGo
0x663f07872b99053ae6eee5d5550495268d738fec,fund
0x665d83975e42402dec11bf8e2b398af69126ca0e,Osiris
0x6668a4ca2343654f8ec984911c41f9001c3ebf45,EasyInvestIdeal
0x666a64f5567c3145fba7ca9ef73648cd4fa2008f,Energoncoin
0x666c549f5a01167f1aa19bb68be552441f520895,A5DToken
0x667622505c6f4b10b6ed9ff538441580907bd393,RUSS_PFXIX_III_883
0x669c6a72404b4938d447f2b7247b452b841807e3,CreateNEWToken
0x669d7567f7328306c6e5a9cea779a3ee240f9613,POC
0x66a03603e0a2109ccb0c253d9b218106f3786c20,SKWVesting1
0x6936281cacccc09d42bc5ca44d3460391797d3c1,WorldwideGiftCode
0x0b81464e9e852804a44e4cb294f35843544cb3fe,eth333
0x0b837386dc303f54c7ca687be52034ba35aa40f5,HEX_Gold_Classic
0x0b8743a6e5160fce00c1e0ae461385bc3f640432,CHEMCHINA_PFIV_I_883
0x0c3ae89af1fd1d855379c99a270de5675d009c4e,TrueCoin
0x0c43fd7c60631a277ff4de3b0646eb471a619661,EtheriumEcoSystem
0x0c47f8017b0d18244693c497d05aa1bc0913ffbd,SyncBall
0x0c604e2559c7d0ed0aee3bfe7404a7477d318554,SUMNER
0x0c658fa2eaa292e8dca085dab0e5cbd2da21c494,Bolenum
0x0c6ec2c046224125af0c808b954f0a66a6a21d99,FetchToken
0x0c6eff25947e3b2d6e5d4f9dbf436385ac890dcb,COIN
0x0cb20b77adbe5cd58fcecc4f4069d04b327862e5,MysteryGhostToken
0x0cb7d9efb412ab74232e4ce1c04a60a36e3faf1a,RUSS_PFXI_II_883
0x0cbc9b02b8628ae08688b5cc8134dc09e36c443b,Tratok
0x0ccf912a5b8c6c2260f57179578e7e48ab57f692,DROPCOIN
0x0cd7cd39bb7b10bd33a886a47d53e112bbf5ceb2,CustomToken
0x0cd8a63e6772b80c6e94c85b596736fd6f1ba0d3,EGYPT
0x0cdcda4e7fcdd461ba82b61cbc4163e1022f22e4,Vertex_Token
0x100c8a9c7cd95bd28385a4ad9aac1c80640fcb34,TheCoone
0x10285d93b18823151a398b3ee5e18242449732c0,JahCoin
0x103c787783627e6c9a7201884a7bdabd414889f2,ETHBank
0x103fc2836b27416f87badfd661e32a67036b6f03,_PayShopCoin
0x5e564ddacf6b73cfc615852254219cb7456a69d7,Goeth
0x5e63a290f6320251ef5de2ae834f862ff6572925,CCD_EUROSIBENERGO_20190326_1
0x5e7370a6a6e08ec756434bc2ef97d71d87587126,ELREY
0x5e82ac5457a2044c6fcc1dfbb19831727fb916cf,TokenTestToken
0x5e92ce84175a1550bba89defa38cc431d062cd2c,USDollarX
0x5e95ac33a60d613a71f08c809c482367c1559fef,BuildCoinUtilityToken
0x5f2e02a485f827086bc818eebc3d09dbed0bb607,EthokenExchange
0x5f31948761e14fcf6b46dc70d1a968a6fc901a80,YINC
0x5f3763b48811226e010c63e23c3ec6e0f67c5f41,ldoh
0x5f58ca65daabd86ab4d43eaab48792915b1b09b8,Bitc3Token
0x5f633062a6118252c280f3c1a6dfcf0bf49101fd,XBORNID
0x5f63a1e6f8c772c5887f2bb50f35380f6d05386b,Tikr
0x5f6b54fddf9ed3390acf3a7eb50e5c923288fa81,Eos
0x5f6bb53f9e01836d8394d340d5d69b8887e2f1d7,CSE
0x5fbc53e8bdb596d61842496c49603acf7f97bf13,ThreeEtherFree
0x5fd0f2acca6b15e6859de441dda13c16696e9d98,CRYPTOMAK
0x9be338769037feb79c4184ad5497da0ceee5c214,LLV_48_3F
0x9bfa7775e106e9a07cae4f8963e2603d732bface,VOCC_I101_20181211
0x9c025c5eab68f658c6c6c3a7f6a9e1b24616ef0a,NeutrinoTokenStandard
0x9c04f0dc68c61efd2fc289987393a78b4a2494ea,ZITOKEN
0x9c0c8fcf7b4309113c147dd3d145e4902e7810c9,ldoh
0x9c0e119dfe427d6176c42ad2ceff00fdba2b1f02,TestABI
0x9c1748249a6bc40c4d9b27853b216a075b5f6b9c,Bussiness
0x9c731584b4422c9f7f7cfd6909b36a72b76ae115,company_funding
0x9c86fc9389baf66114f4b7097f18ebe141cda956,Balance
0x9c8fbad6e61cd6e017db6f8bff81bedf17c56144,VOCC_I017_20181211
0x9ca0f84f0497c750abe18eb5a6749d62ab64b0df,Favor
0x9cb0ad95bc5ba68d0606bc2717bde716cc94ebe2,AdlerToken
0x9cb151054ab13fa715f170c731a9705236e0a537,SecurityToken
0x9d17277b69d139dc1efa7e156f836c2a6a6facb9,DigitalCryptoAds
0x9d1cdcfe212351ef2f78d53a786444cfcb537374,Quest
0x9d21b908b76eebbc4de79170a641e455a846ec94,Cherryblossom
0x9d3dc1f38622f9e3a61bfed5fcbf7f3270d1117e,Goeth
0x9d3fee1ece36e8e8cde7d941897443245ff7abf5,SterlingSovereign
0x9d44a3904229ec9de6fac986471c1ce28c208045,BasicTokenSC
0x9d509d2d22c0aee17c34e7c3b0592d974c49164b,XEXToken
0x9d517e0c9b3579c04fa35ef255bfcffe0f0dd414,ARCHETYPALXToken
0x2b9eb162dab8590c0f3d86f31231a255c8129c18,Crowdsale
0x2ba9533e8feafab1ffa79e1ddbdd086521906660,IFF
0x2bb4bacbb7cc6186454253dab673e22009a0b866,TokenExchange
0x2bbe2230690f1a5ddaee198b3dfbff5d2354ce4c,VOCC_I035_20181211
0x2bd8251e58c837c50aeccccb6fb061119609690b,ExodusStaking
0x2bd96a92eb83243661ddf0376b975e272db7ee14,CreateATTToken
0x2bee7c3ed9267b0e000674009bc4c1e0843918d2,RoobiToken
0x2d1711ada9dd2bf8792ad29dd4e307d6527f2ad5,Whitelist
0x2d19ba653682b41756aa2c67343f26d6edd36836,BLITZ_QUIZ
0x2d1dceeb99a108bcefaa8a0b89e07bad42f5e475,Linkcoin
0x2d24e60284ad4bfbfd671b327af4000d8b7513b9,ContractCoffeeToken
0x2d2789067e458f5299efa2af1beadc065fd31b81,ldoh
0x2d311dca8aea3d4f9c968a5f25d6a72f0e81f7ed,quick_game
0x2d429fec5dfae70a4cd717973d034316709b780d,CollectionToken
0x2d50c2dd998aab26a666a5e9f15e7f32ad9e8ce1,VOCC_I073_20181211
0x2d5503c50a6b2e262dd23c6d6812b0bf3df137fe,atToken
0x2d5b4be5052b75e8c80832e0075327defa23b8f0,EthereumMoney
0x300fc708cf85af94337acf3a752af2dc18327bcb,Repo
0x30169203b76ff6a1879983efe66a65c31fa7758e,EternalMultiplier
0x3028b1bd5d8d7f2b707cc56407978a7ffe225313,RUSS_PFXXXIV_II_883
0x302ce6674a16b54ba1b8a49fed64c471ede6c174,StmToken
0xbb91dc8d8a0ac47ddd9fe024450353a665d1504b,aaaatoken
0xbb9c23b2faaf95beee84999ac7c7bca91d8b618e,PuErhTea_FuzengChu
0xbbbe98ddc32c1717e3f54dfb523be4246eada95f,ACCToken
0xbbc494ba17154e737745f0d651d651aadd632b96,HighwayAcademyCertificates
0xbbe0597e24d51e85ef41275eb21cd629a9d4950d,BasicTokenSC
0xbbe4f024976d3821e2bc48876b1ae23758f4fb95,KD2Token
0xc450fe148e1345e9e3de0a3582b4de99c724c711,AIB
0xc451228f83af369e053859a1fafce191e752005c,ADSToken
0xc456cc88327f613a7975dbf8a9e508450dc3ed82,TrustCommunityNetwork
0xc45826e68231d56fb2a51105bfa697ef69d7f1da,TokenRegistry
0xc45ba8f03ac63e4505ac5eed4985fb4e5e94383a,HyperTechnology
0xc45d56942d0d53497f456963d85d3888828dc219,TRONSilver
0xc470617f011e51f8b9fedb5971fe83b33cae6a4e,LockedResources
0xc482c2ba2e73ef5ea5f2ae97e747b11276181665,MDB
0xea481089e0f3298dd8d78befff67c6143586a70b,DAFi
0xea4afd1c685ac4d33428fa583c2abe49aaf31aa9,CryptoRewardsGlobal
0xea541b33cc5afd4c95974d0b5252686020ec3127,multifund
0xea5af80e8e3e9293319d765632acadd55f4c12e0,PCCToken
0xea5eb17d519a9165fd2d7e024d83856f314958d1,CYBERGAME
0xea6aa4ec8ff98909c75f647225be3a690c52b71b,LifeOnPool
0xea6aaac4596ba36b5628058e9356f90b77c69416,Blocksol
0xea6b6a4b813d1436a75883fcc789121e4b3f0465,KonaSummitPlatformCoin
0xef8028b0e68eb6458bdb2c7ba39b39fefea02719,FairEthereumMiner
0xefb67969a8eb34f610ed2982954f99a836c29efc,GOLDT
0xefb74671eec05de9798d63a82b8a670dda165751,RTN
0xefc6de69c05e1f4d0a1bedfae8ff2f14b810c135,UNFIAggregator
0xefcbf22cca0596aba478bf13bc8cc4932f35f8c6,dbCoin
0xefcc23583a564eec1b909c6de628a3548173ffc4,Dion
0xefdee3d0d1bb99714fe9049d21006a4e46519936,ZDTToken
0xefeb903d013bb8a6d833b36222d2c769be6d7a6c,ESOSToken
0x17b031b3802789a458955b3d27c60a0379f187b4,Bitbegin
0x17b26400621695c2d8c2d8869f6259e82d7544c4,CCN
0x17ba2665af0686533fb815abef610a43d256dc71,CustomToken
0x17c3b17843a7dd182ba35d21a88a71d6c4af216a,vault
0x1946f24a313d356e52b128fe568f453aebff692d,Eth5iov__2
0x194a9c068bcd0b7d9be5d12bb9c530665044ccb8,SMIToken
0x194ace13897d0457ade173d2ce0cd5404c6dc49e,BOOMCOIN
0x1950c377fc051b11ceff276572acab9868a817d0,GoodManPro
0x1950de82dc08ffba1ee3b2a60dd4eb0e9bb77d3a,DalyVenturesShares
0x1955c50c1ec1e91d64a10b665458f3756399fad5,CBDToken
0x195724b607fca7a38533ea10e3b7040b43484cbf,BRC
0x195b6dc3c79185e53d97b443c0769f1d9bd3b7fb,Plus50
0x195e21a077cea324ebc218be4fc55a2864e05bec,smctoken
0x195ef6697115f7fd41d94388ddce6f3158602475,PI_VOCC_II_P2
0x1963f9f10b69126847a8b239ce4a5c28fc7d05af,SCAToken
0x196758b4e2ab85eb06566ffbe184ba8a9e4283a8,SODCOIN
0x196a41ea662eddb9cd2ff590ca8fb361d6ddf297,InvestLCE
0x19ef8d94a37d1fb5d99ad35bacdb2a30f3efd74d,PantheonEcoSystem
0x19f542aabab1906e9262b73bfa5a707db44a4276,PKR
0x19fce726b7ca3191d95ef752ac7893464498c10e,HOLDx3
0x82b91dfe95f94b5ff74f3bd628e2b06e20256efc,ELE
0x82c6aa6a4c775c66ad13f4246da7d6a6ea93bf91,Avengers
0x82cf44be0768a3600c4bdea58607783a3a7c51ae,FountainToken
0x82d1223825a26f9d76eede7874e34987f406a566,IRobo
0x82f5886eec5aa8a3f455f6fc9d552ecc458b15d2,POCupExchange
0x838571a0aed436abb272365beac687f6570e4c56,LLL
0x83928d7a16e0cbdf77d555c405a3975d11dcf0fa,Etherhero
0x839758a64ec926841abc931d47d38a5a12ce7a4e,ENAToken
0x839f3e2954045743ad6dc31208d5bd42cba33315,NBI_PFII_III_883
0x83aab6061a3675ea10498432bce41cb19e072f3d,CUSD
0x83c42853c8e877ea081b9c1300b816be685a3b51,RUSS_PFXXIII_I_883
0x83c895c1cd058458d35761b59f56678f44f70719,ROSECOIN
0x83d28ee100c7862580e1be5eb7e853acd28caada,RUSS_PFXVII_I_883
0x83d3f733de9a8c6e3d5824dd34b16f8a52778668,BIGSTAGE
0x83d91e59793db91169790f419ad790fb766da310,Token
0x846a10e1b949a23fdda4501f37c260769d0df6b8,BIAT
0x847027a5fbe89c6cecc4d4351c0b1743ce54799f,BananaCash
0x8495332b80411cf5114b6c3ecc81deeb65b3951d,SUPERBANK
0x44dd83e69cb23bc060441b6c6e44a79d8c7b9398,Bitray
0x44e11213f34ca222a92bccea631a976640bb5e95,AlarmClock
0x44eb9b27b27ce167ff859da4a84df0ec83a59c3a,EHT
0x44f2cef73e136e97abc7923634ebeb447f8a48ed,HCXToken
0x44fdd74c26eb249b08551c2c3db465d56d2e6a4a,ERC20Token
0x45088e0838d1d55491ebea1b2648f6f5f378aaf1,TRUSTGRID
0x4508fe0afcedfcea8145c62f04537f7d3f121fc4,SelfHandsome
0x451485663c66329be56cb765e2f6c60e5f0ca6b7,CCH_RUSS_3
0x451995963b4c1a1b5941ec4595b7bc3b8eda6622,Bitstocksmarket
0x4522759e5c2ad74b77445dd075ecdb8f9c5afdcf,Avengers7
0x45a05b211021acd853d33157c5add99b9e395e3f,FutureGame
0x45ad251c2815ed4004e0c930f5dc306fba09fa99,Aurora_v21
0x45af324f53a8d7da1752dad74adc1748126d7978,MyTVToken
0x45b213e89eeb6a6d665b8ff1f62c5162e7173feb,KNTT
0x45bb9f5bd0d6d03d09aff10011995292696bd6b1,EREx
0x45d4764288362cb85c55440e9f2d5729f2581411,TRXToken
0x45e4390e6387b896268661ed4e2066df40a95a29,VOCC_I032_20181211
0x72fbc0fc1446f5accc1b083f0852a7ef70a8ec9f,NovaChain
0x73044bd6ca3ba587bf797e45551afeb5351f18fb,DiUSDToken
0x7328ed62598f2934a35322bc9d02843871dfe3a7,FunKoin
0x732d006cd3ab73ffade066184a64f3782a403ab1,RUSS_PFXVI_III_883
0x77550f6f32a5d809b899a1d661df31a1636db73a,RIFToken
0x77835c65adbd6b5c0f1c60c7dc207f7b3a0b7ece,HiveCapital
0x779427aa055bb432dd53fa36e3d689d2979cf2f5,Kappa1
0x77b42fe5e141a3069d8045c82f08a4650345cc92,NOCToken
0x7a7093f054bd9034b078535920cbc2a0ee6d646c,NDRV_PFII_II_883
0x7a784fc4b6b53db57263aa7e4732390d217bc82b,PhardusNetwork
0x7a7a13da4697ed133f102c3160405c3b7be73770,SGEICO
0x7a882c5bcd3762d078deaaf22e68d37c129cf75b,GIFT
0x7a905f300d2d999c4d7f4df8e429cbeada339f20,NewToken
0x7a9716685f852ee268feb86dffa562d214cc13db,FBT
0xd066cb554092ec20c60deffe8c8252d3f7fdfda5,BIMI_DAO_33_b3
0xd06d0e6694a2f12864941fc73d140346da143200,FloodToken
0xd4088039f4e922ff3e3b84a5ac7918bce13be23c,OldWhiskyContract
0xd40c19fd89f930d129ac4148e65d3719e76a26af,KAMUI
0xd40c2daf2b55fbf5532ddeada3febe738f431dfe,EncryptedToken
0xd40cf73107fdcdf42f52f2342d99894bef98c1d7,BasicTokenSC
0xd40e127dbccdba151cee5fbb7621239722214081,IPCoin
0xd40f8106131a3bd88bbabaf6658466dc5fd37f5d,splitableToken
0xd41d4337f08a7e82552d480021e89a42e48b2d03,EthereumChained
0xd422ee8fe33aaea1b428bdde3ea34fc44c93cfdf,CCH_RUSS_6
0xd429d532b61c7c21870afc071777f1e671472f56,Upcoin
0xd43fc900c870c771d9078302c3707976866d42ca,NDD_WPO_I_883
0xd5dfe9e9e6df35d2aefdb0ce6d3e91b6890923d6,VOCC_I062_20181211
0xd5f3378ed770a9e8eedf66a6d40a1917c69a0303,Distribute
0xd5f3ab3d712e9ff0cab76f547eb9ec1d35a59432,jhgjtygftest
0xd5f4fd235a49fabdb75fe147f68b40c1543a95f9,UraniumNetworkToken
0x693e54d12b994bc90093486ba05389f9a4ba0ca5,JUNDCOIN
0x6a98b4d2f374799d518dc4344f0e62cd070a262b,airdrop
0x6f2b407b7979f46e269ddc6d8cb30361958db078,MonaLisa
0x72fa6623cc0800bc180639d60c33c95426d76576,KassaNetwork
0x7a9a1f9b67a5e0a15383a6577ae7025eaee47c42,YHCoinToken
0x8154e568335259b85eff9addd032e58b8bfd5d9f,EVERCOIN
0x849c13b04fe229a4e3a1baec8390689726d6c7da,MICHToken
0x898f198a0138a51a357de0694948ea8e4e808507,MintCoin
0x8aaa106f84e33fababb4e1e94b85480f96eb360f,XG
0x8bb93eccfbbea366061bf4996c718d149a059d39,DFY
0x8fd1c78ed8b3de2a025373b2bbd820c03939f760,HumpDayMultiPay
0x9907c018b4faffc6d4c12a9719cb3a7f88df6d33,NDRV_PFV_III_883
0x9be0280622c7506ff71a4ffa93beddc46acd9301,HELIOS
0x9d5963ba32e877871dff3e2e697283dc64066271,EDC
0xa1d38ef843553322a338cdd7d6134565ffba97ab,LEVT
0xa479e078a6ee1b4808fa7f5e56afdc6bfb1231cf,RUSEK
0x05f49e3e0a27efa05d60c19cd8f0ecc951d3717e,Etherhero
0x05fce0e4415fe080349578b0300b6a9259f5b161,PLAASlock
0x07c9c9c6a00c3b36eea85d25b81b2813f557634e,TimeContractBlock
0x07cc9f7ca5224938f25d080dd4bff84f6a54b974,HuiTongVouchers
0x07e56f6500e95e34cd9ec492a89c2d3aeb273778,RUSS_PFXXIII_II_883
0x07f3e9b141855bb7fccea96bb598bcb26ff8f4e7,OXYGEN
0x07ff08a437c7340744ca24f9fb2f1858ea46543e,CryptoMinerToken2
0x080255570182efc85fab4acd1a8d74a2b98d40ef,EOSGOLD
0x0811803d9b6edf3c42ad0615756669f53a240fba,Phoenex
0x0823470190f5ef7867bb16e9a8f82da49cf5efb7,PilviaChain
0x082adb6c6fb4619549228665d59ba8e3022416fc,VXDT
0x08c00f697475636821565f6f4f6b883d36ae0eef,DccbtcToken
0x08c507046e12cd1538741d067d28411f2b922062,ProofOfReview
0x08d49612aca79734df9b616b99b41e8a085c0cd8,GIFTS
0x08d964c0a3178b131d7f80197f325bd8095ca948,VOCC_I070_20181211
0x8fd448a435f6c7613a043f6d1f7bb861264463fa,CryptoBonesToken
0x8fd8599b06a13218e6550f5a77961a201543564c,DCETHER
0x8fe050679aefc1402e5c47c3597a2e9198eb3863,DogeGoldCoin
0x8ff719ac85a3979a1047502eb4d7b6204aed1f4c,AirdropiRide
0x9016f7eee74f71c19d85fb5c9854da9b5ea2924e,VOCC_I088_20181211
0x94d2b3da1d5910c238495d97f6c33efeab9df56e,CandyToken
0x9662c487c1b762a4c47660d25a4d6211f43e29ff,DestructionContract
0x9668e403a3734c2e88610cb68dfa1df35a8370c3,LCCToken
0x966f969125802bfb677f036a4d41fcbdccc29edd,lendingManager
0x9674d14af3ee5ddcd59d3bdca7435e11ba0ced18,Fertilizer
0x97baa12dd6863ceedbd8b8c25dcb884112f86149,BitzenToken
0x97c28151617f7361ac7ebff5f7c864d39947e73f,Investment
0x97c3059db21d9008702386ca8e7a8361159ebbeb,Deschain
0x97d7a26fd5475cf861c38752d74701fb236bf993,lens
0x97e1b17f3ea6817132d48c689f5bdf71c2eca8d1,SHERE_PFII_III_883
0x97eff16fbc0b5521b8cc220feac98099b0e0b54d,GJM
0x97f802f6f2acc0896bcc04b9aedd8ecaca3be600,MCAN_Token
0x97fc6a18f8089071f1b590e8a466c869d0bf5535,DXN
0x97fc70313be7c6ab9f292372044e8fe78e2598f0,DUALCHAIN
0x97fe19dfab95b1709bb0994af18ba7f793e28cba,MYSELF
0x982b7e0285f86608aecbf927766b1a8edb360f01,prorataContract
0x99071bae75d0d61cd4487cb97fc7a1072e7883cf,CHEMCHINA_PFI_II_883
0x54f8d587ff6f452010372ee5fb4416fc2df35dd0,KassaNetwork
0x54fe52fec9cbeb18f8b1f918b0015c8f6c41aad9,Efirica
0x5515c767d03c33251187bb04de3419cc7e4c0e0a,ConvertibleToken
0x553236a240743cc611129ea0d150dc47fcf9f894,ETST
0x553e3e5ba03e862c93c7834b80ca800018ba4736,SamsungCryptoPayments
0x555cc1eac01d9a8d0cfdfeb40e76a6169d840f9a,GPDA
0x555d371d8364cbf4deaac794133ed7ec76d22413,CompanyFundingAccount
0x556a4590b20fcc04141bf0a80791ce157f10622b,BUTOKEN
0x575d8909d7fef2561ef8c2114d80b736fb77cbb6,ABChainNetContract_v5
0x5778e8e088537f2f4deeed43a76722065bfcb710,YUPOToken
0x577d6886fad02e5fb15b55645894b1ae14228ce4,GoldMarketplaceStorage
0x5792b25ba0e6b974ed968acc43cba044f1fae136,Token
0x59399ca86f77eceb0f4a95f3432d58df99171ca1,AthlierToken
0x5943f3aa6c8c276a41b71c06ae9b37792866fa10,SimplyBank
0x594ecf68f00ba338a6beb50ca67c110786057705,GSDToken
0x5952c525cb4df516d257e6051b328f2837072116,YBToken
0x5955b839c98c25332d4a70dbe231e4d46b778326,Art_MuYiChen_No1
0x59639ab94e7daf3b39c6555115e493145032e85e,OmnisBit
0x5965cd636693b8378a33cfe9b73cd4755c6969ea,BasicTokenSC
0x596c5a9c2948836d9c2c9b5413515937994aab39,XBORNID
0xac22e7f6555e9563eefef7f81e4af5c72a467d15,RitCoin
0xac246a92998a3342ac58b90399966c97c38fadc8,ET
0xac2f10fb2242ba1cc3e34adf4b80447b96510873,EatToken
0xac36f37d4bd7328ff490f4e4d2369c975cfda589,MacallanSherryOak30y
0xac7ceccf97c8386c63abbb7490ec72fe8d2c3363,BiTianToken
0xac825ca87ce089a54581b6ec6b11308229de00ea,CARDANOCLASSIC
0xadef4de5a5ce8c57a10a8cffb6dbf1cc51528983,BhuoCoin
0xae1705f23e5e60a8f4c98e34e01415861f5911d2,RedEnvelope
0xae1afc573654ec294e277c7c723f29e799528a87,WWCToken
0xae2358a96e0271c1fb44d255711e14af100dcef8,BIToken
0xae30e9549c6c32e02f52d1bf51bc3f20e3def820,QUICK_GAME
0xae3a6150ce212343cf5a3d45a4824a07fa286dd9,BIPSEC
0xae3b6985810a83536d1807122290e72e9ea64249,RewardSharing
0xae46d639435f4591e01c73de44a23984379e69cf,TokenSwap
0xaf03a016f20e8f21972288c77dff285d9cab87b0,Easy40
0xaf179683e07d6f9a8b0fdaf0e19d7825de1f8807,KyrraToken
0xaf21b11245e2ce0d1a1ed95b8f0573d5ef4d50a1,RecycleToken
0xaf2dc9d375d3de6535d8c8aa2096371b8d5df8fd,Mintloot
0xfac8f3f8cfa073391de3f06ed4d883202da469ae,NDD_SPO_I_883
0xfaca557583388b1201e802d1b736931e66850773,TEA
0xfad71b6b03f0416ec1466d360b0fa84f87bd9cc1,BCT
0xfad8086e49aeb72381151c3c07eb0029555efdef,ARAW
0xfad91890355c7ff25c36d0730cb8f44bd3191a07,AawMTk
0xfae129bb5e29ed74f3e072edb9705f3febb6ecb7,RUSS_PFIV_I_883
0xfb0c615d6ff3ba8079574592c70de9a95c0429c4,SamuraiQuest
0xfb128c360e0fb597ea4d42e1d49a3706ed3ecdef,BobaCoin
0xfb1641a69006d962010d89f39591d7c73788d8c3,BITHI
0xfb20844d11c289aef31a331268a4b9dcbbfbdeb1,RealMadrid
0xfed6a4f54ce1bcf3cfd1fea4ae2fc61b6f754273,Midas1000
0xfee1f560e167cd3c55992c356e712d5ee8c33d49,XEther
0xfeea5a7593e92c8f18d6efcc6c350fd6b0a9da51,GSCT
0xfeeee1c9236188b1b5ce50b8651c8c97c7916d9c,VscToken
0xfefe4f85b56d7ec3d731896b1589b0881ac07e0b,HOWEOToken
0xff0e31c6086d723ae24c652da11332e784c28e6f,UnrealInvest
0x6285b47726e619d04491f1607a72065d6bbbd667,FomoBet
0x628826bb563ed557773cffbaf499087f8435c559,Rox
0x6288c6b68f06b1a3fd231c9c1cb37113a531c912,TheWeakestHodler
0x628a419592d62cbde91e8d584ee8dae753f973ad,Spud3D
0x628e43e26f2685e1162c904b1e8ca031dc6c8cdb,lepaitoken
0x629aa0eac468a746845abf44d5c432637d95f01a,SUeSdY
0x62a57e66525d010c8bdee9e2e70d44f6230ff9e3,cnrtoken
0x62a7da217d6a55a983455e5fd6c4a025ac786879,Token
0x62bce7406ecdbcb60cf798a8174fe4cdfe84a797,TST_ERC
0x62bf50192b3ef428e24bc8d10f0c2a6eabe80e08,ERC20CrowdsaleToken
0x631705e315f95035381325d5c1ddfab7ee03ef75,PI_FMA_T22
0x63261c36308e143434e75a3e40773e4ff1ba8979,GGToken
0x633ee5ce5fd6da7f29df1e4b185ab0963136298c,PuErhTea_WangYutai
0x6351d8122131d6a0d2933054c52617f11bf773d3,SCAMTOKENBYETHERGUY_CGT_BEST_DISCORD
0x637435d34cab321bb665f62afdf80175507d6342,LANDTOKEN
0x63885f2bebb8943c5ad02ad5eca71a20ffb42733,Bx8e1Token
0x638eadf1fb61ee1de33d9e8034048a69fc6d6068,InvitherC
0x638fd8f4ad867e2dd4ff6528fa364d9c97c7eb49,DiaOracle
0x63901b3ce1e41b7e3eab6c16e025b357e28b8b2c,KOCupExchange
0x639e0b8366fc627e70464808c1df5802fac8491c,ERC20Standard
0x639e68de58fcbbac6302d5a6eeae756c43eef242,CelebrityGame
0x63a71eab12bffa953bd8b361598ccd2186c6c415,AURIX
0x22abff361eef116d968ca24a1436188b0cb4b83e,OansChain
0x22fade931b5c89c9bd8cc9de98dcfee50ed8bcf2,Eircoin
0x231e68028d9db9ffd0ab491f9e4d261c37ef5fdf,MoonDoge
0x232254f194170d4364ecdd972e8e5f2c1690f466,Cryptodex
0x2329b7c7940848be70f5daa4784a30a43c84a4fa,Contracoin
0x2329ccb66fcca3a222eda5ce61cf8e167376dd2e,BasicToken
0x2350615b6e9aaa5d3b2c31315b57f88de172b33d,CubegoLeaf
0x235146c2fd40a5d7739ae3583387dee7eaa81baf,CollectionToken
0x2559f0dd36179c230443d2c3846435e52eb2b2df,HackerToken
0x255a789315018fc59b3064655189d07049eb05f3,HACHIKO
0x255ec6bc11ae6aaaec9d54d15965b08d3ebd1123,Token
0x256591374c0fb9b2782b754f6e072aa833e62278,PDAToken
0x257f85b3aeacd887aa2493c05c5e17a06039d790,ZoneToken
0x257fa39e697c43dff95e1d2af754ed0118c062ab,RegisteredWalletArbitrator
0x28fb4957d27e6eb12a7f8ed8730ad989a482f2e4,WORLDCASH
0x296725ff6b0820bbb20d255287e4666ef3a2e4f2,ERC20
0x296b3fc8e3cc768f834152586e5ad708bfe8f163,FirstEnergyToken
0x29789c9abebc185f1876af10c38ee47ee0c6ed48,Crafting
0x33ac37240f71629294de98e0b51f904fda17a366,enigma
0x33c1aa1014e4ffd61c312671a42ecff8aef6201f,WorldPay
0x33c33b356bc3d715cf899c1de8fae4092a5ca264,ICOcontract
0x33d7d8ac4f6c121b320a1d219cd5f0dd77373a0e,EWM
0x33d9eb04442b7711cec632384df6bba45b141d3a,SparkleAirDrop
0x33ea1d36d800e58dd87778ff4447854fc6b6d49c,HermesPayoutAllKiller
0x33fe536d62c13893ceaee5ec9b198af2057fc130,zeronToken
0x3952b401f5b06a967378bf40a647b810813806f6,SUNX
0x3954da0d5b267a6b4750cb67c402a2db54f3af14,m00n
0x3a5f32732d6be576d5dec48354b2377e14675eca,BCTToken
0x3a64d149607d7362c4aa49c2c9c5c81f173089e6,TOSS
0x3a6b22a6c57af0787d0225281f591beb5c7bd9d2,UMEToken
0x3a6eb3c87cbc6118210fbd00b9a1b6b3164b5e95,ReliableIndex
0x3a7ebc138fd59ccce16b7968199c2ac7b013bbc0,NewToken
0x3a847d11a37e578a7d83b9246c52030add661398,BEERS
0x3a86435776de97b5a481c395159c3b31cec966f6,VOCC_I086_20181211
0x3a88f350c1676285d11d6e6d5b999a8592d943b0,TradingHistoryStorage
0x3b0497ef0e84673dcc1ef53dd8eabf141e145958,ldoh
0x3b16fb80ab6ac8562203f3913f58ee0c4dfc08b8,AdvertisingToken
0x3b1b3f92d85ef134fb253c1e976346430eab6b37,CaelumMasternode
0x6f3d1879cd84fa1a7eec7fe936af6a84b67f4567,ERC721dAppCaps
0x6f404cd687c14e4172db549f9890657aed036ad2,DropShipCoin
0x6fa1d5180dd773b623d078ee9ded11cadb28c252,AZOV_PFI_II_883
0x6fa63f9b452a97d2df921378197570f9c04ea286,HGSToken
0x6fbb2f7919603aefdb49fa7c2e7f3e8de27de960,KADI
0x6fc2a052f82d0f8b5d774f8ef8b30fe933ce9953,DMSCOIN
0x6fcd8481645e455c4d97af719ab7dfc5db2b3883,Daily2400
0x6fcfdda06a2fa2deec5efbceebb493ad75086f6b,TripleROI
0x70d0907b064ab5c86849d391124f62ce9bcbf597,Fastbitcoin
0x70dea95c5e56792a70d357f3e1b2f11e35c4c277,VOCC_I077_20181211
0x70f53cb14a08700d0816f01bdae54b3f507f2ce2,Contract50
0x710f1e69817e91ab6ad5907e88840f4e24beb07a,BasicTokenSC
0x711e3e5ec8fe04361f8db67ed42b51522ee3d0a7,DLC_TOKEN
0x7154f2dad44e988f7c59d70530216b2d36bdb704,LLV_48_4
0x72f24f6ac0fd55832d968431a45471a9037d40c5,Sac3D
0x72f41244e09b3b2f09d9e2f5f1184fa8bd6b4a1e,EasySmart
0x72f60eca0db6811274215694129661151f97982e,DecentralizedExchanges
0x72f7c137d75e8bcf2ac328c203ab62dd821d0d00,EurocoinpayEUT
0x14aa2d0eb40a5b19b67e0ed6644e6538061b4cf6,ATEC_Token
0x14b13174ffed832e3b427d88d5d193849528db48,ShoppingOfPeople
0x14b18aab8c979e5b0abe0c4a30673bbfbedbee0f,Typhonchain
0x14befec5d161aa47ec7dec57d2fb622990148a17,WorldwideGiftCode
0x14c10df54e58873427819aa901e45810e7741096,lolcoin
0x14c7820803b99fb5ab36d39a26a6e1ea2168cb51,BIMI_DAO_33_b1
0x15e9d6ab6bb43684e78d321dff9a2a37f242372f,CoooinsCoinAd
0x16058bbd3e684b30ed92810b27a3a18b62184232,icocontract
0x160b34aa9e397e33b2d8dd712af2cf78e748985b,apexPlatinum
0x1611ead58474528582420b089e9b3b55bc9af3c1,MultiChanger
0x1614d469964a26cad5646f598936871f6a36689e,SHERE_PFI_III_883
0x161a097dcd09f1d68197568d782ed9bba27bc5de,SinghCoin
0x161c011006beac7f79bb02aa3c92b5b4581bf58f,selfdropToken
0x1621530fec6f4b081712ab49f88ca78b60841ddf,IC
0x17979f773edd7ba2894321512f3ada2638b975c9,OPULENCE
0x17981c16fec32df831e187a5b1dc0d32f9c29cb8,DemonicDoge
0x17a31fbc61b1adb917cef863bda5cfaa2ea14cbf,NGGToken
0x17aee00a3097ef210b739edf57c476e2df428d42,SVT
0xb70fb05a9a5e77646f46a6a73ae73abd18348973,IBEX
0xb7218f8f2d07262145ba9b6b1a7acadd6b87a054,Necro
0xb870a704b1f3c254330af82f06884f3bea16faf9,Coinereeum
0xb87939e65878c88397de4d0bb79a9637c9dd9abc,MonaLisa
0xb87bf323ab5174806911ced29e9a2b9b6e839120,multifund
0xb8814095083c5cac3e7c96d1d0222003497965d0,Web3Provider
0xb88657d3f48e8804f2f54cd98270304120c58fb8,CustomToken
0xb88c46cc79a7ce693c6aaa5d61cbfe384c387097,cgkgame
0xb88d51813babbee48f29a771acb3f691c95c1973,CustomToken
0xb8a47d4365c071d4c3436618fd0a9a0aac593399,MAT_Token
0xb8a7818b02f1c1204742b246b25e09caa3751ab8,GetStats
0xb8c58c7568246d2bccba24ef627d9360d0bb9a72,XNToken
0xbacc6d7d036b48c679508492527a3afe5b73d440,MutualFundCoin
0xbacfefa6e970464183bcf46c8cc1d2e5535bb26b,TG
0xbad1a84d8bb34cbb20a0884fa2b9714323530558,LMA
0xbad1e58c2a609694169f053ad377f0d33af5817c,CompanyShare
0xbad3e4d78f38398634f3f44144e006c8e87a6f5d,ASGOLDToken
0xbaddd85bea167538b36904145962d06c47faed27,SURECoin
0xbae73d6dfa362f1774930100269dd98e755d05ea,Hydrogen
0xbaef14e5631f6ad8cda330c428156a45a12712e2,KeelungGrass
0xbb06949dd6b3e1b1e774e187b9fa752bce20a2f3,MELNI_PFX_II_883
0x990bd512eef94a7e9ae57dbc854d5677bf39c976,FaTsai
0x990f8e8fe55879916834f83c228fec878ea1ce2b,NASDAQ
0x991cc843c615276690b79c1a668bf020b3bcefb4,Sotoin
0x991f09f2e5dd6d1f3ff7f72d0dcab964d4c8cbbf,Crowdsale
0x992a2a70967265f1e87965d2e74a529d1b74178e,Restarter
0x99352d1edfa7f124ec618dfb51014f6d54bac4ae,Slaughter3D
0x993a2005b8504f89e14976bc4fd2c28d427fbcc0,AZOV_PFI_I_883
0x99b2abeb5201101bad66fa22948e66a5e10c2594,Rockets
0x99b854aa02038095f90007d52646a672ecec83e8,GBN
0x99b864b2f7e974b52823aac3d3fc8d321edd797f,YHCoinToken
0x99cae84285177d7f5689b07d7fadf25ceee137b8,Colombia
0x99dd56f94bf61352c501ac4e7615588350d6d773,USDS
0x99df7aa9bed57fc468d9138c17d1e3f749172e8b,FORM_beta_LW
0x99f54c862031ec7432ddd5509c20a0cc5b4f877f,FastLoan
0x99fdc1d8e88d3322f1e30af116004dca4ff9d4d7,DIGITAX
0x99ff8b83b2f06d0f006bed551ee782f7cc4875c2,EndorToken
0x9a047528f22a24c50519ec60a0537e554b246a33,ERC20Token
0x9a156823999fc7585a2ae1fe1c507259bde47542,lepaitoken
0x4d6ff17e0f637e5eb399110786fcf84e057f652a,mainLicense_NewCo
0x4d74a7db43bbd1de7708cdf55acbbdd71b65cf6d,ExToke
0x4de97b5e186bc9313cb7c0eaed5fa8f5ec77aa8e,SetBuyer
0x4dfc4a641bcd37a97527c86ffcad43f6000de1a3,MontexToken
0x4e0e04963d8ebe2c5f7dca148fd51ff048dd5a49,PPT
0x4e4f4bbf55229ac8ba46ed4c1608498b210e8539,CryptoDuel
0x4e67f72bae98f02f5d11f4455427128aa6969e87,FCC
0x4e6aeb154b0fe68c898b4c5ba25a5ab20870bf02,Syrios
0x4e6b705485e471e1eec34f434ed25c5a07b448e1,NBI_PFII_II_883
0x4f697bd290a057273a3413485cd8bc462f449136,TradeTrustToken
0x4f6d6fdaf267894fbeb57c1f4eb2fa2af93dd579,O2PToken
0x4f741424b57d12f2e7b51d7dfe17584d90cc3f88,BTCCToken
0x9d5ee2287f113732f1a2e108f985ee8bf3a4b600,BasicTokenSC
0xa0c61b638232e4fc2d491bf84ef18a80eb69734d,CryptoMinerCash
0xa0d031c090974d2bdb0ffc22124f08532e1dc768,CRP_ERC20
0xa0db46e61a0565257cadd0fa6e52342fb7cf9963,EGamble
0xa0e4003b5185ebb77cd0d5738c59d9b681036ba2,LockedResources
0xa0e5410c0164b123f0c9ba453d3555bc8a637adb,EUROSIBENERGO_PFXXI_II_883
0xa0f62a1936eae2cc685eeedbe7c16fa3b84f438d,Token
0xa0fa8d5b6ea64dc49ee5e97bf3046ff08af9f62c,ALFA_HAYA
0xa10d5e0350df81100b3587dd21f3e8702203b8e1,Stoken
0xa19118ddbabbf3d538db6a46578f3260e26b89b9,Vault
0xa1997e5476538e841cdf0a5d0990bf09a4932675,WorldByEth
0xa19b3464fcbb9667afdedb26934b9a4683194d94,INGToken
0xa19c2d1eb3be2fc0f56b9a5f7b698854bd8ce82a,CryptoAntToken
0xa19fdf84f56c91e7e805c3a5a47613132b112b91,OhNoToken
0xa1a6a19b4c19220e5a0d54b4caff4db25a76e165,CANUHODL
0xa1c15f52d51b436a4aec29e5dc6e9ccfdc50c229,EtherSmarts
0xa852e210fd5e40287886f05ea666ad9adb421e07,BWW_TOKEN
0xa8611d13d9448d9729bcb32c5c9f96993922be03,BRCupExchange
0xa861304d256d045d6fe596824c3f1cde7c768aef,AbeToken
0xa878cb3c89c622e4b5eab7761afdcedadead4bce,RocketManScamCoin
0xa87beafd65e3c6808ac853076c23f268f3809d7b,AdvancedToken
0xa8947cc5db28d1119c7f2237df99c39e87ab1a13,CustomToken
0xa8953562660855aaa3b2b2af9398e16246dfa597,AntCoin
0xa8bbb14a2a6140d65a8432122251e7c81627886b,VOCC_I008_20181211
0xa8c65fc1d479a9a2fd2e8de0fe41bb45f459ef19,LockedTokenMock
0xa8dbd8beab9a664fc5a74920bd47411e56966997,Predatex
0xaa601d8b0405612b1308ba8122e186d765f860f0,MNLTGUNE
0xaa6b36487f6a8680d05fa8ea46f075082baa80df,AMP
0xaa79b0c8455ca04c3733de0ce412f4cab5d3ac0a,UDEFI
0xaa855d6ecf41dd5cf29dad369fb9400231979af8,ERC20Token
0xaa91aeca77c25ea19ead3593a4539bc5f05341eb,KypernanoToken
0xaa9b22f0e3e1e3dc88aa868571b4b0daa60f446b,ECT
0xac0054de53f56663f75bc3be522c6a0d366d8698,Bitcoin
0xe4b04bb739ed2e44de54ab779fdb204977bef940,ATCCOIN
0xe4b95ee5eea079c525fdffbfda959d5b236b8cde,AstraBasicMultiTokenDeployer
0xe4e51c11bc2f7afee83c18c1f7ec2606bd981611,Ethereum
0xe4e7b1ab37a9e5c1cfdff0115162ee2719ba8f7d,RUSS_PFXIV_II_883
0xe4eb565621c284fc9df052254a8b754bf1d8dc4c,AdvancedToken
0xe4edb0276b7fa972db0732fae8ee8422eef07580,HLD
0xe6d2c3cb986db66818c14c7032db05d1d2a6ee74,FinexboxToken
0xe6d3997388ecd4dc03518bd08110f7c3df1228bb,HappyHour
0xe6de00bb9040568bfadfc6a45a03d82a0afa57ad,Snip3D
0xe6e3791ca1b9f3009bd5e57db5a04378c64208c7,ERC20Token
0xe6f32cf814d266b499c83ac1fb89a96ebab0dd57,SuntoshiToken
0xe6f78a81263281f6593f638bf38ac96834a96528,Maxtercoin
0xe6fb2701508e1a77c48f85a2e1a0e58867f7875b,Token
0xe705436d9ad150631ff5b5dc47b9f03409afeefd,Airdrop
0xe714642afae7117ff522b20a87547de12c3d02dd,BVC
0xe71759fb6b1de802c9e7de271a2c392a2d1aaa36,NavGlobalTourCoin
0xe7cefbe857659690fd0d288752a81c7238a00756,ERC20
0xe7e0e43c39401fbbe22d84c6ad3d7cf3b752cd7e,TrexexchangeToken
0x4097c2d9bd5eeccba7e35e0887469fa5c8b366de,GuideCoin
0x409de70d8ad0135e6fd91f343899b93d903c998b,HBToken
0x40a38911e470fc088beeb1a9480c2d69c847bcec,DeltaBalances
0x40a7c66bbab77732462ee5068b7bdb1d280b15a1,Crowdsale
0x40bebae3d439b9b550cf1465e6b6422b808f1262,FNCC
0x40c234238b97b5605811235175e5b49f5334662b,ARIZONE
0x4154b2080f680c07c20c89a3c3d529a6270169db,KassaNetwork
0x4156fdf85a7d9093d944f93b1f873e077e4bdf24,AlvaxeCoin
0x4159e265fdfa4e581e9b0b2988346ee7db4f0b7e,BANK_III_PFI_883
0x4166afc352cdf27b73b25ab2fd7864b62577dd85,Token0xC
0x41682641ab066ccbf89001290193ff896831532b,CNCToken
0x4176f0f2b7c95486a5ae06e3d1b29201a42e7630,Bounty0xEscrow
0x41808f8c5fe2e63d26bb7c23a9f3f62d49a24c34,RUSS_PFVI_I_883
0x4185fdfd5a7715e79dff439b4f515bf3b388d928,SimbaCoinToken
0x419a7369d1e7c178f17d18a46dccfa2051e8b029,ARCOIN
0x44cfe3cb995f6a28855a21a960bce9d595f9434f,GeneralEthereumToken
0x44d269b126443007c2241e034416100fb7fde3cb,Ind3X
0x8bbb3375d2401da181711032f658c52252b03275,online_wallet
0x8bccc3d41d8070e86c0dbd376e0dac82d56e2447,Auction
0x8bcd980961dca0bb0661824b28efa21f7972fc64,CoinGpc
0x8bdcc9318ee9f423027724dbd905d5ee3d44d935,VOCC_I018_20181211
0x8be4639a00bc7b7a47dc5cd8b81fa0fbebed801c,AdamantToken
0x8be54acd944f301eb0185ea48fe03914d99e83b8,MathTest
0x8bee5193001d3ce03c9495dab32d6e34c086454e,Token
0x8bf22ad8b6c2f8c6492dabb99d3c896a3f9f7bf3,HodlerExchange
0x8c01722fc426841e7f508d2aadc9678b79228281,RST
0x8c08e6c94e3160bfd0f96e04f15eda1fe043a57e,IPToken
0x8efde099174f8c4879e7a0d74be2d77c91f31058,Multifund
0x8eff575359d56005b816028384c2b386dcb20015,IBC_TOKEN
0x8f04b7554fa2452ee34e5b5cafb5d43217a5ce5b,HuapuChain
0x8f0b5e886229c87dfe3cd489dc805eb2d0d90139,SmartLotto
0x8f0e3232a884afdba1a7ddab4aab9444f144eba1,CFTPRO
0x8f107dd93a43a5e3723e34db16f244cf09c74866,ETHDATE
0x8f27b7331944a5f48ef73f262aee69ed7bf31797,IMCUnlockRecord
0x8f29321e1a55dd174b2bd4d6414c8082ab984517,VMVToken
0x8f4583a194d2a673d948240aa9e3af02d20d753b,ZivJillcoin
0x8f482191334ae65591997634e543ff681ff346c9,NDD_RBN_I_883
0x8fd1a3ea61b1456be58e38b8c1bea49acb84b7fd,X2Profit
0xd7ec061821aa6300fcc9d6130b87e54e5899f990,DNZExchange
0xd7ecc2ab959e7ef77ef738debbe6bb05c0cefada,ABTT
0xd7f3455dc7fe6578470b4bb7c4b253f3bd1c086e,LT_Sender_Public
0xd7faef6fd3d3e22037619a756221e38f7f2c9c62,CreateBlogger
0xdcc2571259f0ea1a8471ba9c2d2c15296a508d3a,GLBX
0xdcd52f8227175849f9468c8124d88e527f031fb8,ERC20Token
0xdcdf6c45a9d7a7d9732d4027016600233fd1e451,LafaToken
0xdce089eb3d02ce734a13ff67e66b80c0c6395c65,PCSetup0521
0xdcf2c71c3c7fd9df57f2527c421212f0f6c6fde5,EtherClassic
0xded1b2d6993a86be50dcc760691239e5da338fce,Crowdsale
0xded69c7cb118f798c3ea78e7613f997fcf3d433f,RUSS_PFXXXIII_II_883
0xded9ec4caf7b1d0da85c50e7921a6fae29214755,GPSToken
0xdedae0c0af29907a642a6af9c929d9f244716a49,RCARBITRAGE
0xdee2992386292a89893a94adceb4e95166185881,In200AndEnd
0xac21d7c5edb51b5929d37be36b346fac79b2e602,multifund
0xaf314fb07130f787c6c8fd63ce77064d6eb3d8ff,Chainfluencer
0xb0dd7c86b9fb49a5a2377111d9b5eedef2f99880,NVTNetworkToken
0xb25f7e77797d6fb683ffc73445b5c3dfe719da46,CCBank
0xb70afe42c8f1b9e78c99b5fb44631b43858f74b1,EggCoin
0xbb77685bdfd79a7d15b7e7e22242ef71305e10ab,BS_prototype
0xc489ef266f4caee8d5e90a7de46f9879f73e2425,SexHot
0xc620c98ea4a8a3bfdf63467c1f623435dda5bbb5,Contractum
0xc8a3b78ffc4f5bb1f065395babdf3af5db05516b,Strontkever
0xca486a65e482a00c0c4f16a53f9a8c0de6129343,RUSS_PFXXVIII_III_883
0xd0660691823d0fddb7883a999a25e230f4a79de9,superchain
0xd5f98d572e5658a4dee02a57bf341265a66e59ec,maascash
0xd7e11234aa8993897055600e605a45dc01b516ae,BAAToken
0xdef35a17ff599454fbec97276b3d5df354256079,Qvantum
0xe0f0417ee27ad82ab389ff7e366f2defbd12227b,OENOVIVA
0xe451da9e6d51a856612618a59168302363eab289,SimpleDonate
0xe7e3ae7e8efd83427b0306c6b828c42d9380e206,online_wallet
0xea40b54f868e77cb29d6774d302ddb379790725a,CollectionToken
0xeffebcc7af7e86c9826405ee8f4976126470fa38,SabriAkcali
0xfac4a535c005881273e7939a17d7c2fd44fbe115,just_try
0xff1515a6f165c9a99517365c71fdc7242f4a4ed3,Simba
0x2b98e5dc017de716c701f4e7a2580469783a0ae7,CryptoWar
0x63b6fc2ab66b4f9e5cde8186f6ca19ce5c11bb96,LANDRegistry
0xa60c41e4c2ba8c3d852c0fbe8c25494f27e6f539,YouMiChainToken
0x7a9fe66f0f288e2598788f21e5ed4aa332eef122,PSIToken
0x7ca3c855c84da4b9301f2331803b9b2d43a19fde,Up104
0x7cbc8ee27ffdba230dd316160ea01d565f17aacb,ARISTO
0x7cce31681023734e810e0e3bb008a1a18f46fb4a,VT201811001
0x7cd0cf14dde0d77bceea362b326d9bc04e22cde0,BasicTokenSC
0x7cd1b0d0b8b52969fa0ea961cec7c6ec5e06ddb6,BlueHillMining
0x7cd465d1f6a080a932e189deda1d4a31c5e5a89e,UBToken
0x7ce07775ae5fb2cb3a249dbfc9622628aa780f54,daily16
0x7ce0f229e34ac9979c00c6b62715015a50f35ee2,CurrncyCoin
0x7ce422ff837a1368ad3146992b885b67068ea44c,SocialXBounty
0x810908b285f85af668f6348cd8b26d76b3ec12e1,Token
0x810e91e9d8e1b8525c94b6b59de27f1d8ebd5b08,HICB
0x811e765682bb609fa09151aa55ed98178ffa30a1,MonarchSecurity
0x812e3cea3b03a87ae9488fcc4015db9fe68116d8,BasicToken
0x81361ba977b6e214e905d4e03c65557b757240d9,NSE
0x813ff00918b362c4055fa4d4f053d301900c62d6,KYCVerification
0x8142f69a18cfd12f2ede55d1e26bcc1e9b3e463d,Donation
0x81470ba5909c87a554bef95cd2f8e11f5ac98f93,CrryptoWallet
0x8151d5894fae8532ecea048681d6c42d04fa96bc,GGcoins
0x84b6f4b700867282e30dbd13bcaf795541f1ce16,LawyerTime
0x84cd9cf60bcb44f7bab8b75e6f03614c2c3b22b7,ESmart
0x84d42983a0d948969c3b4d0f50bec50898e7036f,RevolutionInfo
0x84dc6ecade0720e29f1a192626f5f6c48fa921b9,PROToken
0x84f323972a520046a0bf145296965b9c8161eaa6,Inflame
0x874d4a7a8bf2abda5489cdbd62bd785c23e5531f,token123
0x87501955b42b75aa8718aa6430e266e016af53ed,Truecoin
0x87529be23e0206ebedd6481fa6644d9b8b5cb9a9,PrivateSale
0x87732598b18c68706e49f386b8bb528ce4472613,ADVToken
0x87b2dfa02f99d46153b05ed2f2c547b92d9e64e9,NDD_ETH_I_883
0x87b76b1e7e154a7b5160e730dea5450c450e0fc8,EcoSystemPantheon_2_0
0x889ca6ca2322d8693de5a7582bd9465f2da312c8,VOUCHERTOKEN
0x889d7c6132b3e106eb8e4e1d96091d922013e80f,AIToken
0x88afdecf1259e902a65bec095bc8238c209a8a00,BhtdToken
0x88b51fb1efb62c8931c125a31c72eb0cdd66a809,VOCC_I100_20181211
0x895b47ba4a24bbeaae7aa0ea88240c79c5efff72,BCaaS
0x895e87cdf77733ebb1ec9ae6544ae501f498a5a8,ERC20Token
0x896498daf4595d70965517d4385e895448e269ca,Efirica
0x897d6c6772b85bf25b46c6f6da454133478ea6ab,Neutrino81
0x89891ce93bc8ba031f91699a82c068eab1e3a0c5,ldoh
0x8989cbda70fc5e1f54f8ae4be3a47485c45e6a2b,MyEthLab
0x298df6942040b4f1d0769d964b987c957895b8df,TimberCoin
0x2992221bc5f79681635c2b490cca47cac0a2bd7c,try_me
0x299988b454204bfb309c12c5b7ef12c19d8fb19c,FomoBet
0x29a7bfb0162dadaa04610835fcf77ef735c64f05,FinCrypChain
0x29d6cf436c893c7e44ea926411d5fd4dd763d9b3,Lottery50chance
0x2a2cadfe55074910edecf885c6cd82f1b4c0fa6b,ENT
0x2a3517a58a2f35079df4b863e8ff4d5733f82bc6,MIZE
0x2a3956fdced9a0f9ace46426e5cfaa0f1939247d,KSTToken
0x2a4246c318b5ecdc3ead2d61ea0839bf88f7727b,HLOBToken
0x2a43a3cf6867b74566e657dbd5f0858ad0f77d66,Token0xC
0x2a460f9dc47645b1e8a91c464532c2dd886ca4e3,Qude
0x2a598444986130d05b41f15e34b1482e858aaff4,GlobexExchange
0x2a5adc5e67b6dc82d414e0a7ce8de9a7619f3a57,InvitherA
0x2a683d58afa5ce9f54cc498672a33c4a0e13e846,HUSDToken
0x2a6c1d918e79090856c66eee5c62672fa4f01c2b,JujxToken
0x2a790479cd47f686804fe570b903f3b6cf08599d,ChainmonstersShop
0x2a80e131b9fb9f2a2345067457089cb78304852d,BTCCToken
0x2b9446920f05d35ccdea1c37d8df9bafdf381732,DreamMaker
0x1a3fddb782d87c9b7110aea514bd0a0ca97c1913,MultiTransfer
0x1a43bc334153489d17540c43dff953ea741b51b0,EverestDemoToken
0x1b93adebff40cc36f0e2b97a427c7bc52edaa552,Croba
0x1c2389c0b8014be72e11849ec0aa790b03929e18,FundingWallet
0x1c730b77709301351ffdbfaee40ed267dc0dd7d8,Czechoslovakia
0x1cd30a2bba7b913bfeb8e7e40bec1311476efb13,Renter
0x1cd8d8ee6d08949f19044c9e320adf078e205fba,Luxuriumgold
0x1ce19555804d98ac37c96dab16e5f75353accf93,Token
0x1cf0080d16794a9df4040b10b8356fe17b121354,Bluetherium
0x1d077a1d4aea0b006deb50a066062a379f4493d4,Alluma
0x1d099f784a31a05011a84c8c18087b56f4701c9b,ZooPromo
0x1d1afc4fb14947d43a315f9223c0f5f771e8631d,RealBacon
0x1d239b2cb687fe45987e037d468e706c5917e023,Tithe
0x1d37b3632dde5f4d6fa78ba875e66b37ea2dc4b1,Testnet
0x1d899280f446aab65971e41611b5bb5516dd47f9,CryptoMiningWar
0x1e49c7b15b6dd05eb2d2b3cc20f83119480f646a,FaytheToken
0x1fc82046357f9c684bb1267588036e5d08ba2cf0,DEXP
0x1fd27f0cfc6f273b87a5e0f6fcf063422e7bcd6a,AgrocoinToken
0x090b60abc45e2af60eb058a4c7f25574a1c6ae4a,PCNCrowdsale
0x09186c6f2b1eb74d4510a3ae062dc2d9963f2697,Chamacoin
0x091f601d7b6c0c8073d075a1847bafc6872559a4,Clue
0x092c991cbdd8d8869a207c70ebc5b94fc8aed934,InfinityX
0x093159c1209e416aedd8e87c9a652d6a1e76001f,Contractum
0x0936921033fa797ca46db4a06a977c346f181832,DFS
0x093750025c72b45b03996f37629527a7054a545d,NewToken
0x0941ad3c81b58119f93bfe2d5e1f48618523d301,ReplaceEnergyCoin
0x094ad6594b9a508877b15f06335839472fd0cfa0,VOCC_I109_20181211
0x0b2d5155d11f684cc77a6626dc82431df66b7799,BlabsCoin
0x0b36cc35f690d59744d921039f038d7cd06cb5b8,TestToken
0x0b392b7bc9345a85565fd7cc407c9cab06a217b1,IMCLedgerRecord
0x0b4bf990fa74bf6363fa28b7c5f7f2c4e3e8b369,SmartRock
0x0b56c66b56c2d00d8d73ecce3cb2443642648dba,BiTPLATiNUM
0x0b63cb1b6a55f6e225e60647c98aa09371237dc3,KSScidTOKEN
0x0b6c301aa8751759b4d1e56ec459ee7b103737af,AfriHealthCoin
0x0b6cd890e1f3e1a52fcecb483214981bb2ebd810,Invest
0x5972b6cf589f67b362a529433c012185fbae8cfc,HKDCChain
0x597cd1b89f4114dc8d59b0598d15d023d873a006,EcomethToken
0x5982b626fc823d2353257ecffbe3854e628156de,VOCC_I058_20181211
0x5985e21f48b47ec33e19a40549f60d3ef7a797f8,ProofOfExistence
0x5aef06ec39e98c05201ee1e54b653c372ecb9cf3,FALCON
0x5affe8b1f00df6c8120f7e6bc39713fce11f24ac,VOCC_I049_20181211
0x5b0cbccaa734fbde8d0fa27c4f65d380b41146eb,GoldHaiBei
0x5b15a638d1defbf055dc2d7653d5ff1bd5a9494c,CHEMCHINA_PFIII_III_883
0x5b182c02d8b17b5fb7ddec4797c7b03725150185,GBEX
0x5b27baec2363ab2bb39c6f6834aed4c041c1a812,TimeFarmerPool
0x5b2988f2d77c38b46a753ea09a4f6bf726e07e34,LILE
0x5b54ae3bb07f8cdd1cc1523a240da3338067eacd,VT
0x5b5a353fc217ebef77bc7686ea05a003ebdb7d1a,SistContract
0x5e38c16997e1c677ed8a915e5c434c900e75ee1f,TwoHundredPercentEstimator
0x5e3bbff38d90f95c3a3a541e660c1cdc3d1d3462,WWGPreLaunch
0x5e42c9a733c12ad90cdfc0bc863d1d5dca1ffba2,XCBytes
0x30439e682847ff35827f736f4b5bf5ae2fde74b2,Forging
0x33a5c3603021b10408389be49f8956a13f273e3a,BasicTokenSC
0x3b1edfc61ecd19966050530f8ada1376cd941d41,O2Token
0x409694d12ab1ee7cf7f45245aec9197644660683,BNB
0x44d330f60cceee2adf6d238db329b9567adf5ce5,CubegoStone
0x45e7ee9ab98d304888d3fb4183b0047f5eebe4e3,MonethaSupportedTokens
0x49723ed247f249886f02da0a378f379c991b6f86,Artcoin
0x4c992538891a49ebb4b8f3091b952c6aaaf85253,CoinSbs
0x4d6fca01cf1eda9c66a77c43c1326e3fe350996d,VOCC_I051_20181211
0x4f844d57900766ff3842ac9123a5a88edc853113,RUSS_PFXVII_III_883
0x505295df0baa22c74356278e97e442f7a3a6f543,CHEMCHINA_PFVII_III_883
0x52d0ade3dcfe93213edbe59e518a1fb9e2fd9c3f,SetBuyer
0x548eec1e677cec3debef93adf5c66dd6072b95d3,ICOcontract
0x596dedad119e040908f872052e890ffaae212d82,BAHCToken
0x5e4633a86712431a303f4154ea05911f278f10be,MiCoin
0x5fe23e7b075da9a65a0ab6993b1d1e87f4f86648,SOD
0x615f95739830aa298e32ec719adf3c1e10ffff07,Whitelist
0x6aa27b3a8aab51745b7eaf53e61aba833b0f9400,PCC
0x6ab8e14800a61f511f43138d0d06dace02817342,CryptoMinerTokenETHconnection
0x6ac57bce30f34ea9102b6ec4db9e9a14a04c3d5b,HITT
0x6ad5e4ecc18d36c7315a244ba342ccf3eda19ab7,STPC
0x6ad82c945a434edf13602949bb56c82a1a75f3c5,CryptoMusEstate
0x6ada673d66c8ec58daa12b0b88d800b6257b2b8f,TFXToken
0x6e79f376909c412c2b2a2456112f16beecf7031a,PI_FGRA_T22
0x6e7a61fbe11873f4c7d0983c79683aad5c0788bd,QRBitCoin
0x6e871d28fde97b7fc6a3243d3516e3488ec8dc10,BITEEX
0x6e956a92d35c07d2e35dec3bd3eae2e369e4cbdb,CollectionToken
0x6ea8f7da86aa431afaf4ac1a81804a26339a5c89,BasicTokenSC
0x6eb592ccb44d644f98e8560e632dc0bf09f77d80,SmartContractFactory
0x6ec2e2e2bd43d4deaa883533f80ea61682236073,HACHIKO
0x6ec65e2d8e0a600c982a339853c88571711bf07a,BlankblockchainCoin
0x6ec75c4eddd6838049478ac386dacd74d53c22cd,X2Equal
0x6f123503fc11f4a915e222808349c8aff4d6c3c0,XRXToken
0x6f1fe37b9d9a60bd9f161bdf2840ca3c4004e910,ALFA_DISCO
0x6f21278477a84b7e2aa564d533dc128e1cf00e22,SHERE_PFV_I_883
0xc4f6e02c33cced5bfca1951cd7639dfaa342aa0a,only666
0xc4ff0412050fafbd9e697b1931a23ea41f4cb26f,token1234
0xc5005344d52758ee2264be257a198b50f884711b,illume
0xc5060f4b6237d8cf48013639eaf055f43af2eaa0,ExoTokensMarketSimple
0xc518cea8eb65b897181f37134dd75e88f2013783,VXDT
0xc528c28fec0a90c083328bc45f587ee215760a0f,EndorToken
0xc5311ed6b7b48b7be5bed01ea75ff5eb9f3335ba,RUSS_PFX_II_883
0xc53602a04bc81be93cc278ffcf99f676b0bbcd44,DataKyc
0xc54551b4f9d4d80986d33b7a0e9bbb0aaf1ac527,Inflame
0xc6038f9ff35a3f2b00f9747b483bced7b024015e,ETH_DISTRIBUTION
0xc60bf44474e7b448de4055bfeedee430ecade6c7,MuskmelonHJ
0xc60c1c69b6468c246a6a5b03dd5ef8f959858020,DayBlinkCoin
0xc61339ef8a82dce9c893aa84a8fe1178c7051b1a,LockedResources
0xc613a5d45804240acc2f0d1b0c93fcb5f6a8e85f,Name
0xff18ed6b5aa397b20fa28b276124ec912a511491,UniswapDAppToken
0xff193c057339a328dcec72eb3ed3bfc399922c80,AbeToken
0xffa5d49dc77dec17aeaaa3580c7c1060f4709f0c,MultiBuyer
0xffad09410986fd7358a35dfe7b167ef45691037c,RicoContract
0xffb8cca6d55762df595f21e78f21cd8dfeadf1c8,ProofofEIF
0xffd7f7c2c2ad3f4db0585acda3b078d7b4e2801b,RAREHERBSTOKEN
0xffe68bd46e8fdd9981a4803e7a58d65d87b44ccc,XYI
0xfff1a809406fbc84f2a3dade474d9f50b21c999f,AdvancedToken
0xfff3ada5a2555a2b59bff4f44dfad90146cce8cb,DexterCoin
0xfff665c05be7acf48cec38db6d985e55131a3ce3,ZooToken
0xfffd3327d030160cddbe99c1b3447ecc3b413856,EthSmart
0xfffde1fdd0047654618f45dbc651197f00983f2c,Ayvazcoin
0x60002b9904a3cdebad33dab9d3df768034d76017,AIWToken
0x60013605557077b6cc3b3a8ca0750d9c8251389c,BasicTokenSC
0x600606697fc8f644dfffcab1efd084d80b5f10bf,STCB
0x60076a69fc0dd334f0631132d191e2a3a186d65c,CtulhuToken
0x600a271730ba1b019ec0a15b15d01d7c12e5c0a2,DEX
0x60672ee9ff7e5b0005c7cec164443b81d6006801,VINDAX
0x6076ffdfdb13fcf91848e42ad4c3db313e6305fb,RUSS_PFXXXV_III_883
0x60780303f4e6ffca85c27e362f46ab2d6956e054,CFC
0x608290f553c26616111ca5d5cb0c1e451c09dfe2,PI_NBI_II_P2
0x6089411d3adc72b5da4091b4630ea36d179597b9,ARCOIN
0x60a01b92d450973cae77c640c7ed6d2a530d4cc1,HighBank
0x60a2cfd2c9dacdfa3cc7c8c0729ef9288397b193,ERC20Token
0x60aa1caef7f98bdcbcfc9a13bfcd9916ac469759,OOOToken
0x60b4e5c79f7bfdfbfb4d62cbc0aaa01eb5806e45,UTU
0x60bd4109c865399d8648ae61fbf29ec962386bf0,NDRV_PFVII_II_883
0x60be75b03524e56514d888770c327d41703f7d49,ERC20Token
0x60d5e18cd69f0cd2860fb2543a44df026875b83f,FixedSupplyToken
0x613ddb68cde84128f36521db6894bfa6a3fb239b,XX
0x613fa15e184adc033f90af88f35b76cd19dc0c33,OzonePay
0x614e79da2e658ae3ec0e2612349fccee6fff2155,FFUELCoinToken
0x6151c93b0200e587a6a33fc5e64cc199617f3644,QueensDuck
0x6157ea315666630a201ef07a8ba449f4a5e6443f,CreateToken
0xca5fe1815642cfd8ec45ab2c4664926a25a497ae,UgLemeNz
0xca850b9baac760b477a5b77cc4ec96200de79e54,CubegoFur
0xcaa18367c55c7fca5afeb71efa211eb1fbfa4ac0,BonusBank
0xcab8080fd81af3e44b7fc3acdd6b470600ccb7b9,EthereumMoney
0xcabe8fb31b72bdbd5207beeffa689ea2da19c3af,SmartYieldToken
0xce652fbe547d8ee1a32ccbc45a39f0e05ce2585d,FloodToken
0xce657ac2e710208c0c2bfc248b3fcd8762fa8ee9,VOCC_I085_20181211
0xce775c31a60dbad3dbe495ab5489e95999920710,AMISToken
0xce898c28ba0aef683bc49256fd225a72cffd2e08,EduCoin
0xce901d3a5a09c9aaf1bd905d51bef8491e002c3b,KeelungSeashore
0xce909fa26e249ad481779119ae0b2696a9ac3144,QANON
0xce93845209fd797f28f5f9d2e0cdba3acaf7f05f,HDNetworkChain
0xce9cb2aa0e032244e60645df3ab15274076ef95a,Weblifegold
0xd01a503337c3a8c86c0eb9b31e1d1f18a085d39d,YiqiniuCrowdsale
0xd01ebda4b59cac132be6f67a90de13a0909d882e,NIC9ExchangeToken
0xd025a7f9b7306cd5a1da9b2a5a229366b7881c1a,MyMileage
0xd02b08f3e868da75a525646a60f836d1f983f3f7,eth_pool
0xd043f70ff0634167db1149b15e5668f5be52d72c,BigCash
0xd05385d0e479225ffd9614afc83bf7cac4e72bad,BirdBirdCat
0xaf509ee9d6a05918485cb59ba328a1cc710af927,HyperETH
0xaf650806690c69f3dbbbbb01bb73d8bb8e49cdf8,Testnet
0xaf6c9b9f4ae50adb85ac226e4702b4e4ac2b44ef,NDD_PAL_I_883
0xafdffc6d9b3386da14b65c586667770ed35d1a6e,EtherSnap
0xaff7d8a6e42568062b97961d9361075e38658037,ORTPToken
0xb00012dd87a16937c6491766a32d3e419c1732a2,skytree
0xb01009007b0b5bd29915a26df3634e6ebcb62570,TestMultiSig
0xb01f16556bd443a45cfb2f39aabe1e605056b3e5,REDCHILLI
0xb02a4c3fbad48c7c671d57ec6b8f5f3d0f2ee36e,QUICK_QUIZ
0xb0315f636e4136dfd43f66b699dcdf43d5d519ad,GameLife
0xb031608cab5a4fe9eb62bba9a35e1942c3e3b7e1,ERC20CrowdsaleToken
0x46627f7f7f41197a47528c52cdd2f4575b49cc56,MainframeToken
0x46651bc5bd32f0d5969074cc17b9635296fab901,QUIZ_GAME
0x46661f125a209156a5f2db8026595896612b366a,EasyInvest6
0x466836008d97318ca61e80ea5d92a8fc8013f36c,ThanosXToken
0x466a9b1b9ad25afc52b2d38e725892a4719f9a7b,ZeedToken
0x466fbff54d2123c36e9cfaf90298ba436250c043,Multicall
0x468ccb675dd868a6b89d124e696838cb8a3c2ed0,TheParkSceneP
0x4693f908a90b6700caffaece8dddc41990ab6747,Legichain
0x46a18660f9ecfd82ac85d40f69f0e6f591e0bbd3,PaperlessXcurrency
0x46a22f0ed313e0f09266a3d48a94960431d967ee,ROBIT
0x4932fe3149dff0e5a2bfd751ae3b62266f5117d3,TokenSale
0x494176866867ec39f276301392abf3ccd1d7b0c1,FMSExchange
0x4945bee215146eb0f4a53aaa5df4fa33208a3cbd,BasicToken
0x49468b97b36d6e7699d8a36be186b48646292c4e,CoinDjb
0x496676b297799eeb9446b9d808c6051d33c6cb58,the_game
0x496c48ffebe116730526de3e8c25ad2e7003c696,Token
0xb334f68bf47c1f1c1556e7034954d389d7fbbf07,MetalMaterial
0xb38bfd2568b8669f808bf13c337ba93d8362a777,RUSS_PFVII_II_883
0xb38f0c18e0afa3004b5384010f350ed51f66cb62,BMFINTECHCOIN
0xb3963ef1ca220bfa7aa9428727afc876e015f65b,Julia
0xb3af30d208f55076039e059be536d87955a54c6f,DINAR
0xb3b8ab5e3d4b03050bdf42595d7f045dd62b4c22,ERC20Token
0xb3bb5e1fd6a9e68213c494ff5a874ac25a1e789d,PP
0xb3ca68b167bb86cd8e4334158806cd8898dc72d3,IC9NNetwork
0xb3d0ab9fac5005c15a7f3d4c4205cc1e83fa3e2d,Starpay
0xb3d5d71ff892f3b577e42d5271cc0ef924313d18,Treasury
0xb3da32ef683ab630f139ef0353896c8e9529781e,BTCCtoken
0xb3e1d5c97283db4a89c6d4da0f7df15934c10c3c,TokenTimelock
0xb45fc19d6672084e10000ca72ab08be598efc151,Dappround
0xb4c9abc8a74bd2e0e0b7ac5ece30792e65d86c59,LiteGold
0xb58d1f4ddca186be670fd7c49ec0f6178f96d8c5,DistributeTokens
0xb6ea63e8b0f1a341aee887c9f1cbbc73187eb1bb,WizardCashCoin
0xb6ec7da8c26289851a74bf0d052573f7ac854b95,CCVTToken
0xb6ec8c3a347f66a3d7c4f39d6dd68a422e69e81d,CatholicCoin
0xb6fac89998ef964cf8485d77fe0b9cce5af5a3aa,SalivaDrops
0x030d08267d14abde1f1baddd5b11eac6ce02342c,SardarPatelToken
0x030ff988aa97e88bf9b1ff12158bb22f44276e74,Getter
0x038500ff8e3829efe09bbc91abdc1e10104e92cd,DigitalTwinAgreement
0x038744a7eaef3978fc6eae7603e9bf8c9fc41ae4,Favor
0x0389be0964125349c47309fa40d1f7f5f061c9d7,NVFY
0x03afeacb2927e00f3acbbd9e1ff55ce6f07a2491,TimeLockedController
0x03b3c3569b30ef361340d46a0b166fe21bfe89df,WalletManager
0x03b7945808bb97307f31a311f2c9d3fce3d49a1c,one_eight
0x03be0f8e5253545224c9c81928a131c328da439e,Rahitiara
0x03c4bcfef91a561bdd4ab809df3127d83746116c,Airdrop
0x03c607ef1b416b4ec5e78bf9c05d7f75c05c19d5,SisuToken
0x03c9458cef76439365cb1b4c44ea307c8e990b81,Wallet
0x03cad458791705817ac7f24fed1d2d3f5fec0f8c,Etherlib
0x059292d816576f2e28a2788f4a744df4425e4b70,GiantWeedKiller
0x0599e0f94818b0e7a2a0a71d64fe822526e11a3d,ZaoWouKiCoin
0x05af72594440cf75c0fdcbbd9993fc26f62c7afc,TwelveHourAuction
0x05b04cb2c29691d3f9ce74e6aa3c69548da3bee2,EtherStateEquivalentToken
0x05c29ad50d96ca0baf53ef6123a9dd21bd0ae69a,VOCC_I004_20181211
0x05cd27a978fc9f9919a5f4c5c03e5947ed7d4c4d,GrungeTuesday
0x05d7c87cf85de4103635ec585b1e36cf240837b4,MMMultiplierX
0x305615737ca8d00b2425b06238047cf10c57ed1c,HEICToken
0x3057021afd831a74a382c0a9de7076ece743cf7c,Bussiness
0x306496f5af58b04fc93985059c894ec549e2f6b8,Token
0x3068e59a117e5232b5b24cbd7ec1ac4fb913a210,KinetiQ
0x30c4ad5c3905f7f68a9b96f4962b51af402ccfef,ProbitExchange
0x30cd86808c5711935b4cf8dc2b2ae8347f876357,DonationPlus
0x30d5f039375a1c6977b32225ad8c9a409d5dd31f,ChainmonstersShop
0x30f5310f99fd72180e21ea8fbdcfc3b02795007f,eStar
0x30f62e973aabb614fb3a6c042b531fd0d569a810,StrongHandsManager
0x30f68257f9fdadeba75feed3506bbd077079e7ba,MiniBitcoinToken
0x30f84e9a3268338043989028fcd9c901e3e576bc,TerraByte
0x3398c63be81ad42b6afaab306d50990abdae1dda,LTRToken
0x339e29296702ba979378f1f0783633d4fc0fb2f5,CNG
0xe7f3cf1bccd7e4c8c9648ba19b25fd832d56db7e,multi_funding
0xe7f8f54ab72ab5b8cd4ff8009a5c8e5d36d73993,CCH_AZOV_2
0xe804ebeff801a63de6e746c24ceb41a9864eb1c1,Validator
0xe8063ee1fb96e75db6081657444eed133766e0fc,RunAway
0xe93eaa895b30097825220c4d64bd3882152fee26,AddressValidation
0xe947ce8712c9481ca762afb36adecae2f33c7116,DataKyc
0xe952cbf5c1480032537c57874de3e949203ed623,LastManStanding
0xe95990825aab1a7f0af4cc648f76a3bcc99f25b2,ZenswapNetworkToken
0xe977477a71fcf54af6d2e2ccc647ee4106cb8609,BCoin
0xe98226d78efebe8f63fce4f9f2435d03c3c2d97a,mtronix
0xe9957fca2b7cc3e6916bfbd673e0e8c87405e953,CoinAwsa
0xe998f3a62410e55d3e1d4b8871e7aaa0a33d5324,MyAdvancedToken
0xea01eeb646fb742f67068264cb60fef6d490ca23,EUCupExchange
0xea29c3cb0cf487f2291808f170b10a31b527ccf4,Oasis
0xea3f46f8854f1d0a89f50611541215285fc8e67b,PuErhTea_TongcingH
0x52d7266e95474da03754ebe9b471c22c0c693bf9,CryptoMinerBlock
0x537c23b71d847eef947f150ac7e33b1854138d5c,ERC20
0x53a39eef083c4a91e36145176cc9f52be29b7288,FairProfit
0x53b0827c525a202484dace70a5f0cc0c59c95157,SmartChance
0x53b363a63c6c4dfd09121fa9cf1a1279c1c02077,SocialMarketingCoin
0x53b53b47c2a7c67869101231c733bbc1594fc36b,FTV
0x53c3c2eae35cbd790c3a90d8f1b2878ba523f01b,GreenEthereusPromo
0x53d53464a636d61c928f3ab18ad76d378bbb359c,BelezaNetwork
0x544789c586ddaed07ffb23f41ca1334232cb1804,A_TAXPHONE
0x544a1abc3c932847fd1049ee55e0d0e1eeb3dc80,online_wallet
0x54524660e0ee9a9f7a17a223e8300762a17dbb7f,NapoleonPicture
0x54529a070b8950c82279bb8df0b416a824ed3858,SimpleTokenCoin
0x545ce12b51221831ecc18bf236ee8fece2bcdf8f,VXD
0x54661eb77b7ff0e1d4dfb2e2914689200a5ad258,BasicTokenSC
0x54672394026d16f223fdcd912973218adb4b0e6d,Game4Bitcoin
0x547704d174f2740f20943ceec8049c5aff9149f8,CCH
0xf00c933b2f5197ae272b58b21868860a61222cf9,ApoIPFS
0xf778c08034c207d808c17c1ecc19e793181346b6,GetCryptoPayments
0xf783045a74486a278cf2df9db4cd62719831a6a2,Token
0xf7836b193d8fc7aa885968bec0f0d334adbe83dd,HHHToken
0xf783db5d5a7c9805396ced3785a09cf14931cc4b,Hello
0xf78510ead1514994ef8001432a435105f7729233,BITCOINSLEEK
0xf786d8914589e06753023eada09fd88a7e42baa5,MAB
0xf78b71c1b772a359bc45b841fe30653f8b7b2209,OriginalShitcoin
0xf795a8ee5da358ff929ac86603fe42a1b8ef78e1,CCD_EUROSIBENERGO_20190326_6
0xf7965d9775c1c08b9abd3c548b044cddd76169b5,Emereum
0xf7a27c943c6d488ab8fd2111f05fa1cc01c3ef2c,ALGOLD
0xf7a73331867f3a1801551e7aacf84949c0d1e96d,FIESTA
0xf7b611b23866e11c15e3fc582c5893fb155922e9,VOCC_I041_20181211
0xf7ba7ed5f7138a3aa9801a5ecef675c762453119,MC
0xf7d638a267074f87d820bc285e8295e8de1d9a89,PrototypeNetworkToken
0xfab74b212c52e35722ceb0338db244390edd2887,CSTK_KRM
0x21f5c5c10c1494fc31e613abb0f3b86062f42f7e,Btcpower
0x22033df1d104736ff4c2b23a28affe52863ca9c8,AtmOnlyFluzcoin
0x220e7403b395261e3243eaa9ee077c42d2a9fdba,ERC20
0x222e61879dc511422cfdcdbb0a48439141465ed0,TurkCoin
0x2237111f7352aa08a7c2eba1b43251ef2e4dc9d6,CustomToken
0x228276f5ea9dc23b037baea7f0095a610d8db87c,ShatoCoin
0x2284b99d8af776d9059b644bd0643a1a0f91deea,Bussiness
0x228af37c06d7bf086d2d73809c728f9d8a1e7916,WarfieldToken
0x228eb8916ce0ccfca95d89b906fa3f2169d13f48,VOCC_I107_20181211
0x22933c4b4888ff40177cc29173948246cd9d2d4d,DSDToken
0x22a0a8ebe16cdec6edcc7e55f1787e7aee99fb85,SuperTrust
0x22a3c72368a561168e54c9c31c1b550b0c7d0ce1,VOCC_I095_20181211
0x22a9da87ae4ac96bedb42a55f7de8a40939cb041,A2TradingToken
0xa47c4a7f18d4068648ca55e8023ff2c30dd86f45,CHEMCHINA_PFII_II_883
0xa47e7fd2e2ef08d63b58d9a416d88385e1145355,Dispenser
0xa483d6f4eea5b29eedb7d9709e0fd748d50a5099,HairyHoover
0xa5c463308e36e0ef97004e6e88e032c16a2e09d1,apexGOLD
0xa5cc52c523ac8317823abcd6881e093f7419f31c,ethereumhorse
0xa5d1f9c89fad1168c228de0d8f425e881d56db22,LobefyToken
0xa5d801265d29a6f1015a641bfc0e39ee3da2ac76,DocumentStore
0xa5dd50d5c00292c4c699b72feea631693bbd2a5a,WinEtherPot11
0xa5de63e4ab808bf9f5cde73cb73c91f2cc43a1dc,LandOptions
0xa5e5916a380fea1e633df88d7b5e1835a85b8262,BrewerscoinToken
0xa5e83c9a22fa75ba20aeba4a4e734c91e8f1d356,VisualFodderCoin
0xa5fd83057f9c0048f54bf4de18dd0124d4d9fdfb,RGN
0xa6019e88e84452280e4318ddf83aeeaf7aae63dc,AI42TOKEN
0xa60b136516751b9ae155684a498fde17d365e4d1,FNAToken
0x8ab3ed2c69ae49c502de2aff051d95f8db5e2e35,WeddingContract
0x8aba2a7089c6e3e8659e7a0b25dfc826b5553d7e,Token
0x8abc040f046b3d53666f47e2d784495cc9e97e32,ChineseMugwortToken
0x8acd3047ed84be43f5555b40f946278f68887c1a,DIZOOL
0x8ace2d858467d5918c3154977af5ae6c753a513e,LLL
0x8ad0a831b7a17b322e8aebd188a4a8eb3bfdb5e8,CPVToken
0x8adbc5eb31ab846997829842e2d073cc0f0ac811,DGTCoin
0x8b86db8529212859cc44b68449e66200713bcd54,Midelcoin
0x8b8a8a91d7b8ec2e6ab37ed8ffbacee062c6f3c7,EpayCoin
0x8b944a12fc4c4f7cb3c5403e0a034c239f43f6b7,Forwarder
0x8ba08a53eb6613aa0387b0893b559d229bcc9931,CCH_Form_VII
0x8ba23afc1dc098e6568a78158897b7aa8ad495c9,Gateway
0x4c9d38b4e71de67e680f318a1268e18d1d946c04,CryptoMinirToken
0x4c9dff5d802a58668b4a749b749a09dffe0f14b2,Pool
0x4cb4484fe6d7ace5a2190bc75b85947fd91fe134,ERC20
0x4cba96e12b8085fd9bc17fb37290b6bf9a213863,EtherKebab
0x4cbf584f380acffef4bde56cc6de080a3105b3ad,CoinEcoSystemPantheon
0x4ccc3759eb48faf1c6cfadad2619e7038db6b212,SuperEdge
0x4d442dd04432685febb4330bb6cf955f61d4da36,ONEX
0x4d482dd54b9384d70e6c660814cf09c102f8d22e,BCoin
0x4d4d55dbdc229fc5ba788d74dff2d583056d86bb,Ccl
0x4d53265ac79c78c07601e2afb75b9d2a431eadb2,Trends
0x4d566b0b911756c77a327152b862327ff719bfff,DAABOUNTY
0x4d5ba77d480440819aa92b8d5f6ffcf8c36447ed,HDW
0xc8a60c51967f4022bf9424c337e9c6f0bd220e1c,NOTBAD_DynamicS
0xc8aa6b089541824026c86091536673b5263b3f67,PUBG
0xc8d22616905c3221418f0fabd02b6c97d65c6350,BFX
0xc8dca751275197e0af2066686b10545b4c592656,Humanity
0xc8e7f68ba7c7f443798484e353416db2f7faa343,Crowdfund
0xc989cdc78dcc9b2e4ab579693962041d7546a302,RocketCash
0xc995aafaa0b7ab4fb9ef8537760d3b861a15263a,BasicTokenSC
0xc99c4ec784ca5f258fcbdde6e56e918211977e06,RUSS_PFXXVII_III_883
0xc9a948939e31777b48943a2d423888905c80a872,ZetTokenMint
0xc9c588cc0721e40ebe6b567730494279a2a95e67,nuro
0xd60dac95ee6dcecf7480417431fc24086cff5134,MillenniumNetwork
0xd61c400845d3a0077aea0e8a670a0d3bd38f2850,FRKT
0xd624bfdf9e61fac0f8df9193276969c67d4bbef8,CryptoLike
0xd6310735586f09cf1cb6485f234b3534579706af,BitMaxProToken
0xd635903c1b9a3202027d4cc78efbb6fa964a987a,Bitsave
0xd63de6080dd82772f348ffe0da79d2b3df3d361a,CryptoMiner
0xd6455e86834563bd11bbec3ad2a4969197ba4666,SplitterWallet
0xd7d6be7b1a33c0ff864b24ab9f374a5a1aea42bb,MilleniumProtectShell
0xd7e000213f0ffa6e20e1c953bc49867f8d318bfa,voult
0xd7e0f80fb28233bdde0006c50568606a8feb964c,ChronoBankAssetProxy
0x13ca82a039fb510c4110c75a833160dbc8f203e1,FixedSupplyToken
0x13cb49bfbb653795c69846b0c139ad3ef8dcec47,KICKPriceOracle
0x13d3045021c19d8e2480be22e4552b2b527c8966,ExchangesAuthority
0x13df4d4521a09f45554475bb086c099e3732cb99,Projecton
0x13e00b7ea96095f793b316cbbbd962e3753dd266,CopyLock
0x13e132c85bcf89cae84987608565fe9bfe15f783,QuantomComputeCredit
0x13ec78c30effaf546a77886a88c766eaa0d01272,Internoc24DividendCoin
0x13edeed5a4df531dfcf25fed2f9f168d253c323f,AdvancedDigitalAssetSystem
0x13f5ddb49ce96cd2442d7b7c79d53905bdb440df,Aurora_v1a
0x1404afec5df30e9afc847b74532356368c2014e6,EtherSesame
0x149b8c8e5c039d3e3c00203fcd24b0dd5596c4b2,TrumpWall
0x693f1daa9c2c90f47e2f549f51be23f23cbb7c2d,TokenTest
0x694a5f9888c762c5e9efb96cc82a665241672748,PaypalCoin
0x695f0f0db9bc623aacc3efca8a271086c5bcf633,CWCCToken
0x6961a3e9d86ded4c0c64678d538dc2359659b29e,Qbean
0x69651b7daf9633da8f46f5712cc511b32b2749cd,Devcon4Token
0x6970bbe0df628b1e2dce874daaa529c0ceff54ff,XVOToken
0x697537d10d3739e797455bddec3f068d02423c0c,Dubai_Gold_Coin
0x69765c619f11bbcc5c382f9127383a2126f94138,BARCoin
0x6989726a4a8cdcd2b4bae8cf60db24a7ed9a60c4,Ldohtoken
0x6a93ae6147ada96a7459167c4d18e6613efe2994,INEXTokenNew
0x6a954ca87a447a04b436087c40d3058db2e8ad5b,SAGA
0x4fa000df40c06fc8c7d9179661535846b7cd4f87,ZenswapNetworkToken
0x4fa09d22bc54ce063ae8068671ebd1852f53dd15,HomburgerToken
0x4fa161f280b9aabb4e7afb62494fff24678c50c4,BLGToken
0x4fa867325c3591c826bc475cff2bed757b70ad32,XFactor
0x4faffc213df55355f179d4f0e141957792fbe6bc,WFCToken
0x501ed986dd8f853b14584c7da04d524122d1a7cc,YLZT
0x502f1db98e2ae2fb6ae78ef346aa2af37608b458,AdsNetworkPayment
0x503d933a7b61ed102dc941f4d5996a1924c3fbbb,perpetuum
0x503eb1b5976212a7970cd1d05dd4a08a3ef95267,Crowdsale
0x504b2da9d34968437c87022bca36ab0befb6d8a0,unitedkingdom
0xe0faff4f4c9aa282f9925c29ae09fb27db636a7c,PreSale
0xe3eb46c0c73500bc5bacbf20398f4b6ed97795f4,Monasda
0xe3ec74dbce6ee1d8680e38714b67ab5535c95bdb,try_it
0xe3f34e89302ef6bc2cfc3a7945bb0551581b4b5b,BasicToken
0xe42943dcaab1c74fdfa993bf84bd8940a250c03b,ExaGBP
0xe42d2f77e5c1a84811e08cbe63dc925c5790ea71,Steganograph
0xe42ef56340bca5072e3c7ba07df835a65ecd06a6,HDTToken
0xe43a3f0dff8e28e34af893a07be36f5b0d54f1b1,DNIC
0xe448c94856b36ffb701fb5a578452d32f52788ea,P3Daily
0xe449178da0b414607a60adff708cc3c23d7b6687,StayBNB
0xe44bead898d3cc1051d9132bfa56b655b588aa5c,NetCurrencyIndexToken
